u,v,key
627862530,627862428,0
627862530,627862428,0
627862530,627862428,0
627862530,627862428,0
627862530,627862428,0
627862530,627862428,0
627862428,1537012333,0
627862428,1537012333,0
627862428,1537012333,0
627862428,1537012333,0
627862428,1537012333,0
1537012333,5713436007,0
1537012333,5713436007,0
1537012333,5713436007,0
1537012333,5713436007,0
1537012333,5713436007,0
1537012333,5713436007,0
1537012333,5713436007,0
1537012333,5713436007,0
1537012333,5713436007,0
1537012333,5713436007,0
5713436328,5713435994,0
5713435994,5713435975,0
1537012164,5715303778,0
5715303778,11568583268,0
5713435987,5713435619,0
5713435987,5713435619,0
5713435987,5713435619,0
5713435987,5713435619,0
5713435619,3137028465,0
3137028472,5713435840,0
3137028291,3136899371,0
3137028291,3136899371,0
3137028291,3136899371,0
3136899424,10000795886,0
3136899400,2561684536,0
3136899400,2561684536,0
3136899400,2561684536,0
3136899400,2561684536,0
3136899400,2561684536,0
3136899400,2561684536,0
3136899400,2561684536,0
3136899400,2561684536,0
8938836401,8938474249,0
8938474247,2561684484,0
8938474247,2561684484,0
8938474247,2561684484,0
8938474247,2561684484,0
8938474247,2561684484,0
8938474247,2561684484,0
8938474247,2561684484,0
8938474247,2561684484,0
2561684442,4930513373,0
2561684442,4930513373,0
2561684442,4930513373,0
2561684442,4930513373,0
2561684442,4930513373,0
2561684442,4930513373,0
2561684442,4930513373,0
4930513373,4930513413,0
4930513413,4930551618,0
4930513413,4930551618,0
7009677858,7009677798,0
4930513413,4930551618,0
4930513413,4930551618,0
4930551618,4930551833,0
4930551617,3483370598,0
4930551617,3483370598,0
4930551617,3483370598,0
4930551617,3483370598,0
4930551617,3483370598,0
4930551617,3483370598,0
4930551617,3483370598,0
4930551617,3483370598,0
4930551617,3483370598,0
4930551617,3483370598,0
4930551617,3483370598,0
4930551617,3483370598,0
4930551617,3483370598,0
4930551617,3483370598,0
4930551617,3483370598,0
4930551617,3483370598,0
4930551617,3483370598,0
4930551617,3483370598,0
4930551617,3483370598,0
4930551617,3483370598,0
4930551617,3483370598,0
4930551617,3483370598,0
4930551617,3483370598,0
4930551617,3483370598,0
4930551617,3483370598,0
4930551617,3483370598,0
4930551617,3483370598,0
4930551617,3483370598,0
4930551617,3483370598,0
4930551617,3483370598,0
4930551617,3483370598,0
4930551617,3483370598,0
4930551617,3483370598,0
4930551617,3483370598,0
4930551617,3483370598,0
4930551617,3483370598,0
4930551617,3483370598,0
