file_id,timestamp,longitude,latitude,eci_ids
0,0,106.75300466953908,26.638793903249585,"[1, 2]"
0,1,106.75300466953908,26.638793903249585,"[1, 4, 6, 7]"
0,2,106.75300466953908,26.638793903249585,"[1, 7, 8, 11]"
0,3,106.7516259084324,26.63714457186676,"[8, 11]"
0,4,106.75427670004837,26.64256519954501,"[6, 21]"
0,5,106.75722130004904,26.651993499545057,"[10, 45, 49, 50, 52]"
0,6,106.7634048000504,26.65019729954501,"[44, 54]"
0,7,106.76393605652758,26.648171052907653,"[26, 65, 68, 73, 75, 76, 79, 80, 81]"
0,8,106.76290269555872,26.64127670360843,"[64, 69, 73, 83]"
0,9,106.76179496968123,26.637757416235324,"[65, 68, 84]"
0,10,106.76303249914857,26.63461567183427,"[5, 92]"
0,11,106.75865482914342,26.63239419903265,"[98, 100, 101, 102, 103, 104]"
0,12,106.76027350004966,26.633241599544917,"[102, 103]"
0,13,106.76027350004966,26.633241599544917,"[102, 103]"
0,14,106.76027350004966,26.633241599544917,[102]
0,15,106.75972500004954,26.633878899544925,[102]
0,16,106.75972500004954,26.633878899544925,"[102, 103, 106, 109, 110]"
0,17,106.75569670004867,26.63368969954495,"[112, 114, 116, 117]"
0,18,106.75247753604654,26.63456835328589,"[7, 11, 120]"
0,19,106.75438780004838,26.63361299954496,[14]
0,20,106.75126570004768,26.634888499544985,"[5, 13, 124, 127]"
0,21,106.7517717361073,26.63475481496215,[137]
0,22,106.7517717361073,26.63475481496215,[137]
0,23,106.75746680004902,26.633074399544935,"[142, 148]"
0,24,106.76148977126964,26.6337716246825,"[106, 114, 147, 149, 152, 153, 154, 155, 156, 157]"
0,25,106.75945439279592,26.62843679633486,"[3, 109, 133, 142, 148]"
0,26,106.76181971486704,26.62424046723487,"[154, 168, 172]"
0,27,106.76304771494858,26.616851606946085,[176]
0,28,106.76431176397442,26.601517814819196,"[184, 191]"
0,29,106.76791000005124,26.59455289954464,"[219, 221, 222]"
0,30,106.77184700005212,26.59414459954461,"[147, 229, 234, 237, 239, 240, 241, 242]"
0,31,106.78029520206704,26.583380143904225,"[251, 252]"
0,32,106.77968073939574,26.57723820740645,[255]
0,33,106.77941900340656,26.5757122630711,"[65, 131, 255, 258, 259]"
0,34,106.77674349847922,26.56801083990684,"[58, 264, 265, 267]"
0,35,106.776046200053,26.565958899544416,[275]
0,36,106.782347724921,26.56123563773952,"[182, 186, 189, 285]"
0,37,106.78855675647256,26.54618114949758,"[128, 162, 292]"
0,38,106.7898288021247,26.53941550056285,"[250, 303, 304, 309, 310]"
0,39,106.79108570005644,26.52478349954408,"[8, 316]"
0,40,106.79303444522972,26.518215784136924,"[323, 324, 325]"
0,41,106.79500892035144,26.51838784651508,"[147, 318, 323, 324, 325, 326]"
0,42,106.79930724786638,26.513606894443832,"[331, 332]"
0,43,106.80432423399328,26.508642970515805,"[336, 337, 338, 339]"
0,44,106.8229545988475,26.50195458055123,"[350, 351]"
0,45,106.83535085562411,26.50497398442403,"[49, 353]"
0,46,106.84672584843354,26.49758454335643,"[341, 364, 366]"
0,47,106.85701106743332,26.49653316654229,"[374, 379]"
0,48,106.86590567276912,26.490821405771413,"[388, 389]"
0,49,106.8799776749438,26.482209606920023,[404]
0,50,106.88658032914684,26.48146434480322,[202]
0,51,106.91437182403986,26.483604044497383,"[30, 105, 409, 414]"
0,52,106.91769520009449,26.48141969954276,"[423, 425, 429]"
0,53,106.9366703798202,26.48601351930722,"[105, 164, 403, 430]"
0,54,106.945928268997,26.47549978131112,"[111, 182, 403, 430, 432, 437, 438]"
0,55,106.95492015959664,26.47420810633798,"[447, 455, 457, 458]"
0,56,106.96698585582168,26.475064412966944,"[129, 344, 447, 449, 454, 455, 458, 468, 469]"
0,57,106.98115975459407,26.47159801756032,"[121, 479, 481]"
0,58,106.98390890859147,26.46260395947824,"[489, 494, 495, 499, 501]"
0,59,106.9827246001208,26.451940699541844,"[518, 519, 520]"
0,60,107.00602563252916,26.44977007828568,"[329, 529]"
1,0,108.156363998404,26.50753599949464,"[708, 709]"
1,1,108.15793165132924,26.505612980782143,"[709, 711, 712, 714]"
1,2,108.15793165132924,26.505612980782143,"[709, 711, 712]"
1,3,108.156363998404,26.50753599949464,"[708, 709, 715]"
1,4,108.15594207351349,26.507207901676274,"[709, 716, 717]"
1,5,108.15730315406982,26.50654232626473,"[715, 717, 718, 719, 720]"
1,6,108.1548112620941,26.502631663489822,"[709, 710, 714, 717, 722, 723]"
1,7,108.15414525581885,26.501888355076176,"[709, 714, 724]"
1,8,108.15414525581885,26.501888355076176,"[710, 724, 725, 726]"
1,9,108.1548112620941,26.502631663489822,"[710, 722, 726]"
1,10,108.1548112620941,26.502631663489822,"[710, 719, 723, 728]"
1,11,108.14901709837588,26.495055999493594,"[710, 726]"
1,12,108.14901709837588,26.495055999493594,"[710, 714, 725, 726]"
1,13,108.15162169743216,26.49451786552538,"[736, 737]"
1,14,108.15258174006352,26.49401923685115,"[728, 733, 737, 738]"
1,15,108.15258174006352,26.49401923685115,"[731, 734, 735, 737, 738]"
1,16,108.1476036767088,26.493643744081314,"[731, 732, 737, 747, 748, 749, 752, 753, 754]"
1,17,108.14167069727964,26.493740166562077,"[742, 749, 759, 763]"
1,18,108.14167069727964,26.493740166562077,"[742, 763]"
1,19,108.13883927902106,26.487154196716045,"[741, 758, 769, 775, 776]"
1,20,108.13541189381615,26.490568458671014,"[776, 781, 784, 785]"
1,21,108.13096133070496,26.48606983144253,"[776, 778, 781, 785, 786]"
1,22,108.1225144261464,26.48336382548852,"[741, 776, 777, 789, 794, 795]"
1,23,108.12150737447512,26.49037913334929,"[801, 806, 807]"
1,24,108.10894113013104,26.505164086058517,"[811, 817, 818]"
1,25,108.10691194195005,26.53653241267405,[820]
1,26,108.10683939416027,26.510597427222883,[823]
1,27,108.104857393068,26.539707346125915,"[821, 825, 826]"
1,28,108.10296029817592,26.551422799487128,[828]
1,29,108.1013086631671,26.56521829931404,"[835, 836, 839]"
1,30,108.0965081981456,26.56544309948618,[841]
1,31,108.06239659798652,26.567501499480667,"[843, 844, 846, 848]"
1,32,108.07197790297404,26.564877470813254,"[852, 853, 854, 855]"
1,33,108.0527116996286,26.56569227724813,"[859, 861]"
1,34,108.03643792878032,26.570457526503283,"[818, 869, 870]"
1,35,108.02936934534632,26.56772634248088,"[870, 879]"
1,36,108.02000695442916,26.57069095040043,"[877, 883]"
1,37,108.0059084259409,26.569749596909546,"[887, 889, 892, 893]"
1,38,108.00402869768754,26.568778599470185,"[795, 899, 900, 901]"
1,39,107.97331645014836,26.557037469681223,"[866, 910]"
1,40,107.95552899935971,26.55617366646833,"[911, 913, 914]"
1,41,107.94467728197154,26.556102216008902,"[923, 926, 928, 929, 932, 933]"
1,42,107.94114566231048,26.55532493944992,[948]
1,43,107.92328318749476,26.551457650967755,[950]
1,44,107.89648397964672,26.535659861354464,"[966, 967]"
1,45,107.88572509577956,26.533695103447325,"[974, 975, 983, 987, 988, 990, 991, 996, 998]"
1,46,107.86905310128935,26.53101493540705,"[1005, 1008, 1011, 1012, 1013, 1014, 1015]"
1,47,107.85303737583564,26.53062729341265,"[1033, 1034, 1037]"
1,48,107.84522341578004,26.52720323076219,"[1038, 1039, 1044, 1045, 1046]"
1,49,107.82358953529932,26.53015617829876,"[952, 1062, 1063, 1064, 1065, 1068, 1070, 1071]"
1,50,107.8090440905364,26.530132043288194,"[1062, 1076, 1080, 1081, 1082]"
1,51,107.7931147962789,26.52912819941877,[1087]
1,52,107.7767038056184,26.527327145150466,"[1090, 1091, 1092, 1093]"
1,53,107.75996151396932,26.521031951333796,"[1098, 1099]"
1,54,107.75736995556092,26.520136439769264,"[1094, 1101]"
1,55,107.7441315754383,26.524051321032378,[1108]
1,56,107.7270570767876,26.519967941219587,"[1112, 1114]"
1,57,107.70868129553706,26.517107899390915,[1117]
1,58,107.69572956107564,26.51611204779685,"[1118, 1122, 1123]"
1,59,107.68574717619856,26.51432742456215,"[1121, 1124, 1126, 1127]"
1,60,107.6679352159319,26.514949102544424,"[991, 1131]"
1,61,107.65650614461828,26.511082673380063,"[1134, 1136, 1137]"
1,62,107.63442811421808,26.510254554857124,"[1139, 1141]"
1,63,107.62307720956656,26.508961276223012,"[1140, 1146, 1150]"
1,64,107.60940474559912,26.504025913775227,"[1140, 1155]"
1,65,107.59372659432364,26.50898059934444,[1158]
1,66,107.5801521388044,26.504266056662885,"[755, 1161, 1165, 1166, 1167, 1170, 1174, 1175, 1176, 1179]"
1,67,107.56750801350448,26.50590505845478,"[1177, 1183, 1185]"
1,68,107.56651992052517,26.50621374871029,"[863, 1186]"
1,69,107.56651992052517,26.50621374871029,[1186]
1,70,107.56651992052517,26.50621374871029,[1186]
1,71,107.56651992052517,26.50621374871029,[1186]
1,72,107.56651992052517,26.50621374871029,[1186]
1,73,107.56651992052517,26.50621374871029,[1186]
1,74,107.56651992052517,26.50621374871029,[1186]
1,75,107.56651992052517,26.50621374871029,[1186]
1,76,107.56651992052517,26.50621374871029,[1186]
1,77,107.56651992052517,26.50621374871029,[1186]
1,78,107.56651992052517,26.50621374871029,[1186]
1,79,107.56651992052517,26.50621374871029,[1186]
1,80,107.56651992052517,26.50621374871029,[1186]
1,81,107.56651992052517,26.50621374871029,[1186]
1,82,107.56651992052517,26.50621374871029,[1186]
1,83,107.56651992052517,26.50621374871029,[1186]
1,84,107.56651992052517,26.50621374871029,[1186]
1,85,107.56651992052517,26.50621374871029,[1186]
1,86,107.56651992052517,26.50621374871029,[1186]
1,87,107.56651992052517,26.50621374871029,[1186]
1,88,107.56651992052517,26.50621374871029,[1186]
1,89,107.56651992052517,26.50621374871029,[1186]
1,90,107.56651992052517,26.50621374871029,[1186]
1,91,107.56651992052517,26.50621374871029,[1186]
1,92,107.56651992052517,26.50621374871029,[1186]
1,93,107.56651992052517,26.50621374871029,[1186]
1,94,107.56651992052517,26.50621374871029,[1186]
1,95,107.56651992052517,26.50621374871029,[1186]
1,96,107.56651992052517,26.50621374871029,[1186]
1,97,107.56651992052517,26.50621374871029,[1186]
1,98,107.56651992052517,26.50621374871029,[1186]
1,99,107.56651992052517,26.50621374871029,[1186]
1,100,107.56651992052517,26.50621374871029,"[863, 1171, 1186]"
1,101,107.56651992052517,26.50621374871029,"[863, 1186]"
1,102,107.56651992052517,26.50621374871029,"[863, 1186]"
2,0,107.55984728888647,26.507703436994284,"[1190, 1191]"
2,1,107.55851578964224,26.50038201228851,"[1186, 1193, 1194]"
2,2,107.55226482523926,26.48534355011748,"[1199, 1200]"
2,3,107.5498562614807,26.47386691114336,"[1203, 1207, 1208, 1209]"
2,4,107.54186616425643,26.45730402026533,"[1214, 1215, 1218, 1219]"
2,5,107.5383618179269,26.446161072024584,"[809, 1221, 1223]"
2,6,107.53776147581016,26.440270521097077,"[739, 1221, 1222, 1224, 1227]"
2,7,107.53339714995064,26.425054305297856,"[1227, 1228]"
2,8,107.52884640260751,26.408011077199703,"[1225, 1234]"
2,9,107.52077806546016,26.39942940381345,"[1242, 1243]"
2,10,107.50942146060444,26.38867189112548,"[1245, 1247, 1248, 1249, 1250, 1251]"
2,11,107.5094506838754,26.380687600181155,"[1252, 1253]"
2,12,107.50705571733438,26.367349976273108,[1256]
2,13,107.51007836455852,26.34947557856488,"[1258, 1263, 1264]"
2,14,107.5082637837841,26.33741723439436,"[739, 1265, 1268, 1272, 1273, 1274, 1275, 1276, 1277]"
2,15,107.5053980593112,26.32855541326581,"[1283, 1285]"
2,16,107.50063828511875,26.31934742385133,"[1293, 1295, 1296]"
2,17,107.50042133654853,26.315744448044747,"[1090, 1293, 1297, 1308, 1312, 1316, 1318, 1322, 1323, 1324, 1325]"
2,18,107.50614107087448,26.317884690643695,"[1040, 1295, 1328, 1329, 1330, 1332, 1333]"
2,19,107.5080924006502,26.318811999524925,"[1040, 1295, 1329, 1330, 1332, 1335, 1336]"
2,20,107.5082734006506,26.318629999524912,"[1313, 1344, 1346]"
2,21,107.5113713072635,26.31109476426057,"[1350, 1351, 1353, 1354]"
2,22,107.5115652185334,26.31066911471639,"[1350, 1353]"
2,23,107.51542774235006,26.306700151769085,"[1004, 1357, 1359, 1364, 1366]"
2,24,107.51542774235006,26.306700151769085,"[1004, 1350, 1369]"
2,25,107.51473770847518,26.307223868478733,"[1004, 1370, 1371, 1372, 1373]"
2,26,107.51913991819484,26.30242678430011,"[1133, 1382, 1383, 1384, 1385, 1386]"
2,27,107.51913991819484,26.30242678430011,"[1133, 1378, 1382, 1383, 1386]"
2,28,107.51873050066938,26.302304799524222,"[1101, 1174, 1378, 1382, 1386, 1388, 1389]"
2,29,107.52568170068248,26.299473099523784,"[1370, 1385, 1390, 1394, 1395, 1396, 1397, 1399]"
2,30,107.52673596721678,26.28576644933286,"[888, 1409]"
2,31,107.52677003971937,26.2856912016034,"[1410, 1411, 1412, 1413]"
2,32,107.5268992006842,26.285190599523656,"[888, 911, 1409, 1414, 1416]"
2,33,107.52813576910154,26.272714847747935,"[1418, 1420, 1423]"
2,34,107.52822128980664,26.270188625582755,"[1425, 1429]"
2,35,107.52735700778176,26.25930989230853,"[1434, 1439]"
2,36,107.52741041417124,26.258936021749776,"[1446, 1448, 1449, 1450, 1451, 1452]"
2,37,107.51925800066849,26.25610059952401,"[763, 1447, 1448, 1452, 1454, 1455, 1458, 1460, 1461]"
2,38,107.524593504409,26.25578429046776,"[763, 1105, 1445, 1447, 1448, 1449, 1450, 1451, 1454, 1455, 1462, 1463]"
2,39,107.52210371288864,26.255938052306156,"[982, 1444, 1445, 1447, 1449, 1451, 1452, 1455, 1463, 1464]"
2,40,107.52752695263524,26.259180990536432,"[1238, 1440, 1448]"
2,41,107.52752695263524,26.259180990536432,"[1440, 1448, 1466]"
2,42,107.52744045089206,26.262207361868438,[1431]
2,43,107.52831237465703,26.27188995929376,"[917, 1423, 1432, 1477]"
2,44,107.52743265612696,26.283995455821177,[1417]
2,45,107.52691510068426,26.28581059952366,[888]
2,46,107.52604042105226,26.28781435948151,"[1416, 1484]"
2,47,107.52604042105226,26.28781435948151,"[986, 1484, 1485]"
2,48,107.5231534333807,26.291857187385453,[1490]
2,49,107.51338236382657,26.29217281287968,"[1493, 1496, 1497, 1500, 1501, 1502]"
2,50,107.51161875837234,26.292177671189545,"[975, 1218, 1515, 1516]"
2,51,107.51161875837234,26.292177671189545,"[1218, 1515, 1516, 1518, 1519]"
2,52,107.49960745248848,26.29212583368424,"[1498, 1520, 1521]"
2,53,107.4889470006148,26.29112069952592,"[1042, 1529, 1530]"
2,54,107.4889470006148,26.29112069952592,"[1042, 1529, 1530, 1532, 1533, 1534]"
2,55,107.48125070060142,26.289991199526327,"[938, 1522, 1532, 1536]"
2,56,107.46151541625396,26.291040006429203,"[1535, 1536, 1538, 1539, 1540, 1541]"
2,57,107.46140320056811,26.291050199527405,"[916, 1157, 1429, 1536, 1542, 1543]"
2,58,107.46619287605844,26.29057412885778,"[786, 1544]"
2,59,107.44890651740488,26.29331337243829,"[1551, 1552, 1553]"
2,60,107.4434079005394,26.29454849952832,"[1431, 1556, 1557, 1559]"
2,61,107.4434079005394,26.29454849952832,"[1556, 1557, 1559, 1560]"
2,62,107.44158364752292,26.289211444568384,"[1555, 1559, 1564, 1565]"
2,63,107.4403097039966,26.284560391651453,"[1557, 1563, 1572]"
2,64,107.43668650052852,26.280498499528598,"[1577, 1578]"
2,65,107.43228403939936,26.27545975964796,"[1583, 1584, 1585]"
2,66,107.43228403939936,26.27545975964796,[1585]
2,67,107.42869830051607,26.274074399528956,[1577]
2,68,107.42869830051607,26.274074399528956,"[753, 1577]"
2,69,107.38842957490736,26.285696464837372,[1593]
2,70,107.38842957490736,26.285696464837372,[1593]
2,71,107.37321313066724,26.28732264010544,"[1594, 1595]"
2,72,107.3531657753135,26.286468031946992,[1598]
2,73,107.3531657753135,26.286468031946992,[1598]
2,74,107.3531657753135,26.286468031946992,"[1598, 1599]"
2,75,107.32413069265564,26.28823131230917,[1600]
2,76,107.31320622387868,26.28714418351511,"[708, 1605]"
2,77,107.29655019366864,26.294687737208857,"[1601, 1610]"
2,78,107.27372254530836,26.30628542136346,"[1616, 1617, 1618]"
2,79,107.27358757442268,26.30632851964815,"[1620, 1621]"
2,80,107.25173923520174,26.31378852449925,"[1244, 1621]"
2,81,107.2480105874114,26.31583814063251,[1627]
2,82,107.22730331412566,26.323614564508397,"[741, 1628]"
2,83,107.22730331412566,26.323614564508397,[741]
2,84,107.18804445184416,26.332749430315083,"[920, 1127, 1630, 1632]"
3,0,106.71978461826772,26.549351595266184,"[1128, 1702, 1703, 1704, 1705, 1706, 1707]"
3,1,106.71978461826772,26.549351595266184,"[750, 862, 1128, 1702, 1704, 1705]"
3,2,106.70764318423588,26.55074070604589,"[1725, 1726, 1728, 1729]"
3,3,106.7028772237956,26.55205397285737,[1741]
3,4,106.69369590003632,26.55758179954483,[1754]
3,5,106.68755250891247,26.56168763051271,"[1757, 1759, 1764]"
3,6,106.68359488808618,26.563033561010343,"[868, 1774, 1778, 1779]"
3,7,106.67900529427794,26.564703224200304,[1784]
3,8,106.6697515000324,26.56393919954498,"[787, 1039, 1609, 1790, 1797, 1799, 1800, 1801, 1803, 1804, 1805, 1806, 1807]"
3,9,106.66837632808986,26.563459346859663,"[1194, 1709, 1767, 1790, 1812, 1813, 1814, 1815]"
3,10,106.65851991314814,26.56423122566414,"[948, 977, 1827]"
3,11,106.6539859312808,26.56839418746807,"[1515, 1829, 1832]"
3,12,106.64956485414068,26.573021081998892,"[1709, 1833, 1835, 1836, 1838, 1839, 1840]"
3,13,106.64096400002806,26.576477699545173,"[1586, 1842, 1844, 1845, 1847, 1848]"
3,14,106.640816094856,26.57688628719704,"[1722, 1847, 1850, 1851, 1853, 1854]"
3,15,106.64438449183936,26.58160507164304,"[1855, 1856, 1859, 1860]"
3,16,106.63840640002772,26.58634989954524,"[988, 1854, 1871, 1872]"
3,17,106.63818199667143,26.587357441164308,"[988, 1357, 1564]"
3,18,106.63822643497504,26.59155492320631,"[988, 1237, 1878]"
3,19,106.63726880002758,26.592279799545278,"[988, 1237, 1878]"
3,20,106.62944210948764,26.594501858232736,"[1227, 1373, 1886, 1887, 1888, 1889]"
3,21,106.62823401322495,26.5949386891474,"[768, 1891]"
3,22,106.62823401322495,26.5949386891474,"[768, 1891]"
3,23,106.62823401322495,26.5949386891474,"[768, 1891]"
3,24,106.61907590002514,26.601517199545405,"[1496, 1738, 1743]"
4,0,106.67817390003384,26.589850899545088,"[105, 584]"
4,1,106.67704541599556,26.5873632737049,"[594, 595, 596, 597, 598]"
4,2,106.67788770003376,26.59923199954515,"[103, 330, 609]"
4,3,106.67681519598987,26.605388109871537,"[527, 615]"
4,4,106.68424592027166,26.61078457185991,[625]
4,5,106.688213511312,26.61045927738692,"[566, 623, 628, 629, 631]"
4,6,106.69999790003764,26.61731649954516,"[554, 637]"
4,7,106.714941091286,26.625801588445587,"[641, 645]"
4,8,106.72156414878091,26.628207385662048,"[654, 657, 660]"
4,9,106.73221870720803,26.62975544058121,[642]
4,10,106.73403350004408,26.625039899545023,"[58, 369, 539, 662, 666, 667, 668, 671, 672, 673]"
4,11,106.73680081798824,26.622700167667748,"[672, 680, 682]"
4,12,106.73680081798824,26.622700167667748,"[258, 672, 682]"
4,13,106.74116254770946,26.625225341667544,[683]
4,14,106.74396367393943,26.62653290868103,"[20, 258, 513, 651, 684, 686, 688, 690]"
4,15,106.74810160835536,26.627607197254108,"[143, 582, 651, 693, 695]"
4,16,106.74762838098772,26.627130187973567,"[597, 697]"
4,17,106.749252078404,26.628699986379655,"[5, 13, 15, 20, 702]"
