file_id,u,v,key
0,849255063,7625504304,0
0,849255063,7625504304,0
0,849255063,7625504304,0
0,849255063,7625504304,0
0,849255063,7625504304,0
0,7625504306,7625504195,0
0,7625504357,3398409094,0
0,7625504357,3398409094,0
0,4557139682,7625504360,0
0,4557139682,7625504360,0
0,7625504360,849254915,0
0,849254967,1147007790,0
0,849254967,1147007790,0
0,849254967,1147007790,0
0,849254967,1147007790,0
0,849254967,4557139719,0
0,849254967,4557139719,0
0,4557139719,4557139729,0
0,4557139725,4557139728,0
0,4557139725,4557139728,0
0,4557139725,4557139728,0
0,4557139725,4557139728,0
0,4557139725,4557139728,0
0,4557139719,4557139729,0
0,849254915,849254967,0
0,1147006045,1147006836,0
0,1147006836,1143920303,0
0,1147006836,1143920303,0
0,1147006836,1143920303,0
0,1147006836,1143920303,0
0,1147006836,1143920303,0
0,1147006836,1143920303,0
0,1147006836,1143920303,0
0,1147006836,1143920303,0
0,1147006836,1143920303,0
0,1147006836,1143920303,0
0,1143920270,663667701,0
0,663667701,663667520,0
0,663667701,663667520,0
0,8768774966,1792572839,0
0,8768774966,1792572839,0
0,8768774966,1792572839,0
0,1792572823,1892038256,0
0,11074706276,8786111440,0
0,4938328267,4929894732,0
0,4938328267,4929894732,0
0,4929894732,3056248652,0
0,4929894732,3056248652,0
0,3056248652,3056248647,0
0,3056248422,2558560715,0
0,3056248422,2558560715,0
0,3056248422,2558560715,0
0,9694261783,871768810,0
0,3056248422,2558560715,0
0,3056248422,2558560715,0
0,3056248422,2558560715,0
0,3056248422,2558560715,0
0,2558560717,3056248389,0
0,2558560715,2558560679,0
0,5223883741,2584657319,0
0,2584657326,11871955720,0
1,627862530,627862428,0
1,627862530,627862428,0
1,627862530,627862428,0
1,627862530,627862428,0
1,627862530,627862428,0
1,627862530,627862428,0
1,627862428,1537012333,0
1,627862428,1537012333,0
1,627862428,1537012333,0
1,627862428,1537012333,0
1,627862428,1537012333,0
1,1537012333,5713436007,0
1,1537012333,5713436007,0
1,1537012333,5713436007,0
1,1537012333,5713436007,0
1,1537012333,5713436007,0
1,1537012333,5713436007,0
1,1537012333,5713436007,0
1,1537012333,5713436007,0
1,1537012333,5713436007,0
1,1537012333,5713436007,0
1,5713436328,5713435994,0
1,5713435994,5713435975,0
1,1537012164,5715303778,0
1,5715303778,11568583268,0
1,5713435987,5713435619,0
1,5713435987,5713435619,0
1,5713435987,5713435619,0
1,5713435987,5713435619,0
1,5713435619,3137028465,0
1,3137028472,5713435840,0
1,3137028291,3136899371,0
1,3137028291,3136899371,0
1,3137028291,3136899371,0
1,3136899424,10000795886,0
1,3136899400,2561684536,0
1,3136899400,2561684536,0
1,3136899400,2561684536,0
1,3136899400,2561684536,0
1,3136899400,2561684536,0
1,3136899400,2561684536,0
1,3136899400,2561684536,0
1,3136899400,2561684536,0
1,8938836401,8938474249,0
1,8938474247,2561684484,0
1,8938474247,2561684484,0
1,8938474247,2561684484,0
1,8938474247,2561684484,0
1,8938474247,2561684484,0
1,8938474247,2561684484,0
1,8938474247,2561684484,0
1,8938474247,2561684484,0
1,2561684442,4930513373,0
1,2561684442,4930513373,0
1,2561684442,4930513373,0
1,2561684442,4930513373,0
1,2561684442,4930513373,0
1,2561684442,4930513373,0
1,2561684442,4930513373,0
1,4930513373,4930513413,0
1,4930513413,4930551618,0
1,4930513413,4930551618,0
1,7009677858,7009677798,0
1,4930513413,4930551618,0
1,4930513413,4930551618,0
1,4930551618,4930551833,0
1,4930551617,3483370598,0
1,4930551617,3483370598,0
1,4930551617,3483370598,0
1,4930551617,3483370598,0
1,4930551617,3483370598,0
1,4930551617,3483370598,0
1,4930551617,3483370598,0
1,4930551617,3483370598,0
1,4930551617,3483370598,0
1,4930551617,3483370598,0
1,4930551617,3483370598,0
1,4930551617,3483370598,0
1,4930551617,3483370598,0
1,4930551617,3483370598,0
1,4930551617,3483370598,0
1,4930551617,3483370598,0
1,4930551617,3483370598,0
1,4930551617,3483370598,0
1,4930551617,3483370598,0
1,4930551617,3483370598,0
1,4930551617,3483370598,0
1,4930551617,3483370598,0
1,4930551617,3483370598,0
1,4930551617,3483370598,0
1,4930551617,3483370598,0
1,4930551617,3483370598,0
1,4930551617,3483370598,0
1,4930551617,3483370598,0
1,4930551617,3483370598,0
1,4930551617,3483370598,0
1,4930551617,3483370598,0
1,4930551617,3483370598,0
1,4930551617,3483370598,0
1,4930551617,3483370598,0
1,4930551617,3483370598,0
1,4930551617,3483370598,0
1,4930551617,3483370598,0
2,663668173,2660099296,0
2,2660099296,2660099172,0
2,2660099296,2660099172,0
2,2660099296,2660099172,0
2,2660099296,2660099172,0
2,2660099296,2660099172,0
2,2660099296,2660099172,0
2,2660099296,2660099172,0
2,2660099296,2660099172,0
2,2660099296,2660099172,0
2,2660099296,2660099172,0
2,2660099172,6621191437,0
2,6621191437,10967273371,0
2,6621191437,10967273371,0
2,10967273371,4859398661,0
2,10967273371,4859398661,0
2,10967273371,4859398661,0
2,4859398661,4859398650,0
2,4859398650,4909957626,0
2,4859398695,5647982971,0
2,4859398695,5647982971,0
2,5647982971,4859398711,0
2,5647982971,4859398711,0
2,1468188170,5647901855,0
2,1468188170,5647901855,0
2,1468188170,5647901855,0
2,4859398735,8078995884,0
2,4859398735,8078995884,0
2,4859398735,8078995884,0
2,8078995880,7868768443,0
2,7868768469,5647901790,0
2,7868768469,5647901790,0
2,5647901883,4859541907,0
2,5647901883,4859541907,0
2,5647901883,4859541907,0
2,5647901883,4859541907,0
2,5647901883,4859541907,0
2,4859541907,5395575320,0
2,5395575244,4859541908,0
2,5395575244,4859541908,0
2,4859541931,1468187985,0
2,4859541931,1468187985,0
2,4859541931,1468187985,0
2,4859541931,1468187985,0
2,4859541931,1468187985,0
2,5647901789,7868768440,0
2,5647901789,7868768440,0
2,5647901789,7868768440,0
2,7868768456,6621266450,0
2,7868768456,6621266450,0
2,6621266441,5647983007,0
2,6621266441,5647983007,0
2,5647983007,6621266505,0
2,5647983007,6621266505,0
2,6621266505,1204648767,0
2,6621266505,1204648767,0
2,4989685887,11478962015,0
2,4989685887,11478962015,0
2,4989685887,11478962015,0
2,8419517435,4909957921,0
2,5647901502,8419517459,0
2,5647901502,8419517459,0
2,8419517460,11889291776,0
2,11889291776,4909969536,0
2,4909969536,3478166268,0
2,4909969536,3478166268,0
2,4909969536,3478166268,0
2,3478166283,3478166282,0
2,3478166283,3478166282,0
2,3478166282,5447857687,0
2,3478166282,5447857687,0
2,3478166282,5447857687,0
2,3478166282,5447857687,0
2,3478166282,5447857687,0
2,3478166282,5447857687,0
2,3478166282,5447857687,0
2,3478166282,5447857687,0
2,3478166282,5447857687,0
2,3478166282,5447857687,0
2,3478166282,5447857687,0
2,3478166282,5447857687,0
2,3478166282,5447857687,0
2,3478166282,5447857687,0
2,3478166282,5447857687,0
2,3478166282,5447857687,0
2,3478166282,5447857687,0
3,5773124727,5773124703,0
3,5773124727,5773124703,0
3,5773124853,7691711841,0
3,5773124853,7691711841,0
3,7691711841,7691711861,0
3,5773124890,5773124976,0
3,5773124890,5773124976,0
3,5773124890,5773124976,0
3,5773125016,5773125023,0
3,5773125016,5773125023,0
3,1161414935,1161414251,0
3,1161414935,1161414251,0
3,1161414297,11377465432,0
3,1161414297,11377465432,0
3,11377465432,11377465438,0
3,7692388084,8761506564,0
3,2292276560,8761506588,0
3,2292276560,8761506588,0
3,2292276560,8761506588,0
3,1468122011,8174661853,0
3,1468122011,8174661853,0
3,8174661853,6283283884,0
3,8174661853,6283283884,0
3,8174661853,6283283884,0
3,6283283884,1468122284,0
4,1149010673,3891093655,0
4,1149010673,3891093655,0
4,5773139824,4945176870,0
4,4945176870,4982777424,0
4,4982777424,4945171673,0
4,4982777424,4945171673,0
4,4982777424,4945171673,0
4,5773186465,4945171206,0
4,5773186465,4945171206,0
4,4945171206,4945083134,0
4,4945083134,4945083205,0
4,4945083156,4177835606,0
4,4945083156,4177835606,0
4,4177835606,8772455173,0
4,4177835606,8772455173,0
4,9722888223,1161565206,0
4,9722888223,1161565206,0
4,9722888223,1161565206,0
