timestamp,longitude,latitude,eci_ids
0,106.67817390003383,26.589850899545088,"[105, 584]"
1,106.67704541599556,26.5873632737049,"[594, 595, 596, 597, 598]"
2,106.67788770003376,26.59923199954515,"[103, 330, 609]"
3,106.67681519598989,26.605388109871537,"[527, 615]"
4,106.68424592027166,26.61078457185991,[625]
5,106.68821351131199,26.610459277386916,"[566, 623, 628, 629, 631]"
6,106.69999790003763,26.617316499545158,"[554, 637]"
7,106.714941091286,26.625801588445587,"[641, 645]"
8,106.72156414878091,26.628207385662048,"[654, 657, 660]"
9,106.73221870720803,26.62975544058121,[642]
10,106.73403350004408,26.625039899545026,"[58, 369, 539, 662, 666, 667, 668, 671, 672, 673]"
11,106.73680081798823,26.622700167667748,"[672, 680, 682]"
12,106.73680081798823,26.622700167667748,"[258, 672, 682]"
13,106.74116254770946,26.625225341667544,[683]
14,106.74396367393943,26.62653290868103,"[20, 258, 513, 651, 684, 686, 688, 690]"
15,106.74810160835536,26.627607197254108,"[143, 582, 651, 693, 695]"
16,106.74762838098772,26.627130187973567,"[597, 697]"
17,106.749252078404,26.628699986379658,"[5, 13, 15, 20, 702]"