eci,id,longitude,latitude
174881076.0,1,106.752418,26.639175
174363814.0,2,113.337562,23.154195
167952661.0,3,106.752166,26.638486
167991819.0,4,106.75885,26.612703
167952415.0,5,106.762092,26.63602
168219177.0,6,106.773619,26.669084
174881075.0,7,106.753463,26.634403
258538801.0,8,106.750892,26.633956
236477997.0,9,100.416023,25.262287
106944297.0,10,106.884925,26.481874
258538802.0,11,106.75299,26.636135
236478033.0,12,100.417236,25.261327
167991317.0,13,106.748962,26.633283
174846256.0,14,106.75386,26.632886
174992691.0,15,106.748191,26.630899
258538800.0,16,106.75299,26.639699
236477994.0,17,100.417236,25.261072
236478050.0,18,100.41513,25.264015
171690517.0,19,106.952026,26.465026
174992692.0,20,106.743072,26.628974
167952671.0,21,106.75682,26.642511
168001301.0,22,106.758354,26.629697
236478019.0,23,100.41423,25.261135
236478009.0,24,100.415321,25.260944
236477987.0,25,100.417175,25.260623
167952652.0,26,106.763908,26.636409
167986493.0,27,106.761306,26.568521
100490130.0,28,106.754058,26.647104
100490132.0,29,106.752983,26.631309
96184469.0,30,106.911788,26.487045
236477986.0,31,100.415321,25.261648
96142739.0,32,106.869598,26.483022
167906681.0,33,106.773971,26.594766
174350896.0,34,106.771331,26.594665
167990816.0,35,106.75418,26.652257
236478113.0,36,100.417434,25.260688
174363807.0,37,113.337562,23.15266
170792213.0,38,106.762138,26.650955
170792204.0,39,106.759727,26.64879
174363804.0,40,113.338775,23.153364
174363901.0,41,113.33731,23.151315
100496529.0,42,106.754882,26.645738
96142737.0,43,106.878372,26.474418
168031553.0,44,116.534851,39.904006
167990795.0,45,106.755805,26.651739
168031263.0,46,106.742714,26.674606
174350897.0,47,106.774291,26.59428
174773553.0,48,106.768966,26.633556
170842153.0,49,106.824272,26.501884
168219414.0,50,106.752633,26.631755
167906671.0,51,106.772552,26.592464
167906651.0,52,106.773727,26.592214
168031668.0,53,116.532928,39.904392
170792203.0,54,106.762306,26.651479
168034611.0,55,106.764411,26.596052
96142747.0,56,106.896873,26.477735
174879232.0,57,106.766181,26.651929
174879233.0,58,106.76342,26.647975
174879284.0,59,106.764244,26.650644
174773248.0,60,106.766029,26.64112
174879282.0,61,106.763282,26.648653
175002416.0,62,106.76242,26.647182
236478160.0,63,100.41513,25.262479
174773296.0,64,106.764564,26.641725
174366261.0,65,106.781906,26.575141
236478159.0,66,100.415191,25.262287
236478127.0,67,100.416923,25.260496
174366256.0,68,106.813926,26.592344
236478133.0,69,106.762397,26.648324
100449680.0,70,106.765785,26.64241
100449681.0,71,106.764305,26.640975
236478161.0,72,100.415641,25.262416
236478132.0,73,106.764053,26.640937
174363738.0,74,113.336349,23.150932
167952651.0,75,106.762374,26.640642
168034585.0,76,106.766029,26.623341
236478128.0,77,106.739486,26.633871
236478058.0,78,100.417114,25.260368
170797040.0,79,106.765724,26.64796
236478134.0,80,106.741027,26.633356
13728245.0,81,106.848144,26.491809
258538753.0,82,106.750953,26.635047
236478191.0,83,100.415641,25.260047
236478131.0,84,106.762626,26.637884
174773297.0,85,106.764427,26.642387
175002417.0,86,106.763,26.644559
236478056.0,87,100.416023,25.262351
236478022.0,88,100.416404,25.262992
236478152.0,89,100.416282,25.26152
167952395.0,90,106.762168,26.636634
167907921.0,91,106.773674,26.593744
167952405.0,92,106.763778,26.634878
168061707.0,93,106.805435,26.51324
168031556.0,94,116.532165,39.904903
174363757.0,95,113.336349,23.150932
236478060.0,96,100.417366,25.261264
174773554.0,97,106.764793,26.635669
236478115.0,98,100.415191,25.262287
167971881.0,99,106.793289,26.545658
175075123.0,100,106.758293,26.632934
100375440.0,101,106.758483,26.635431
100375441.0,102,106.761573,26.635217
100375442.0,103,106.759429,26.634838
236478114.0,104,100.414299,25.262928
96184467.0,105,106.935104,26.485286
168031776.0,106,106.759765,26.634183
167952665.0,107,106.751997,26.636904
168031766.0,108,106.757041,26.632171
168031765.0,109,106.758003,26.631664
167907911.0,110,106.772773,26.591253
96184466.0,111,106.941307,26.474149
174363652.0,112,113.340316,23.152851
175234306.0,113,106.758407,26.594072
178330930.0,114,106.950424,26.468107
105113087.0,115,106.854675,26.495052
174783282.0,116,106.755371,26.634515
174363879.0,117,113.336669,23.15394
174992180.0,118,106.754966,26.633556
175014913.0,119,106.828201,26.477693
174363786.0,120,113.340126,23.153108
174993203.0,121,106.757408,26.633188
174363891.0,122,113.336791,23.154644
174363878.0,123,113.339736,23.153875
174363700.0,124,106.777778,26.570817
174363876.0,125,113.336791,23.154644
236478129.0,126,100.41481,25.260751
236478024.0,127,100.413909,25.263824
236478048.0,128,100.417236,25.261072
174363723.0,129,113.336921,23.150676
174363705.0,130,113.339607,23.153108
174363699.0,131,106.774772,26.573577
168031555.0,132,116.534271,39.904453
168031519.0,133,106.755249,26.629091
236478023.0,134,100.415771,25.261455
174363718.0,135,113.337821,23.153747
100502936.0,136,106.747431,26.631982
100490133.0,137,106.749618,26.62817
236477996.0,138,100.417045,25.260816
167908167.0,139,106.772079,26.591924
236477992.0,140,100.41423,25.261648
236477969.0,141,100.417495,25.263183
168031561.0,142,116.532356,39.905735
168031571.0,143,116.534591,39.90343
174750517.0,144,106.751014,26.630468
258538033.0,145,106.857032,26.496225
168219423.0,146,106.754699,26.629264
168031563.0,147,116.531265,39.905605
168219403.0,148,106.757858,26.628765
168031511.0,149,116.533569,39.905544
168031512.0,150,116.531967,39.904838
167992607.0,151,106.761589,26.628105
168031775.0,152,106.76213,26.632585
168031510.0,153,116.533508,39.905735
168001291.0,154,106.762001,26.62437
174772532.0,155,106.856231,26.497415
236478051.0,156,100.416854,25.26408
174370609.0,157,106.786338,26.550664
167952654.0,158,106.760299,26.650308
236478112.0,159,100.415702,25.260688
167908177.0,160,106.771629,26.594169
167908178.0,161,106.773655,26.592307
174370610.0,162,106.78923,26.546224
174363755.0,163,113.338775,23.150611
174992435.0,164,106.764691,26.641278
174363679.0,165,113.338653,23.151699
174363680.0,166,113.338264,23.150804
236478002.0,167,100.415191,25.262287
168034591.0,168,106.762077,26.631755
170874636.0,169,106.77803,26.57056
171690567.0,170,106.971792,26.463107
168169185.0,171,106.773872,26.569154
171082271.0,172,106.783851,26.551807
168034581.0,173,106.764572,26.626241
167992608.0,174,106.756535,26.629371
167992597.0,175,106.765037,26.630683
258286870.0,176,106.766059,26.616493
258289715.0,177,106.761253,26.608459
167986473.0,178,106.76358,26.570056
258286889.0,179,106.763916,26.619274
167991839.0,180,106.764595,26.618476
167991029.0,181,106.738113,26.65184
258286879.0,182,106.758247,26.614358
168031627.0,183,116.532096,39.905094
168169002.0,184,106.771942,26.560434
258286859.0,185,106.766151,26.611223
168031694.0,186,116.531524,39.904968
258289725.0,187,106.75962,26.605478
105789685.0,188,106.906517,26.483461
167971605.0,189,106.782577,26.561397
168031678.0,190,116.534782,39.905029
258286869.0,191,106.764511,26.601528
168031695.0,192,116.534591,39.90343
168031621.0,193,116.534271,39.904453
168031630.0,194,116.531326,39.905288
171049227.0,195,106.760505,26.593641
168031654.0,196,116.535041,39.904006
168031600.0,197,116.531967,39.907077
174363727.0,198,113.339607,23.152404
175002370.0,199,106.774818,26.655603
175002371.0,200,106.788887,26.644477
236477988.0,201,100.416404,25.262992
106944269.0,202,106.885818,26.478981
168031696.0,203,116.534782,39.906822
99963799.0,204,106.7546,26.59782
99963797.0,205,106.759132,26.600681
95670166.0,206,106.86103,26.523567
168031625.0,207,116.531524,39.906055
168031689.0,208,116.532165,39.904903
168031623.0,209,116.531524,39.906055
99896725.0,210,106.763587,26.585926
175234352.0,211,106.761199,26.592229
174363831.0,212,113.337562,23.15266
174363701.0,213,113.339416,23.153171
171082301.0,214,106.784698,26.557544
168031685.0,215,116.531715,39.904647
105791231.0,216,106.98291,26.450307
105790950.0,217,106.973472,26.456218
170783520.0,218,106.793601,26.538349
167906631.0,219,106.76873,26.592796
168061718.0,220,106.805221,26.503805
167906641.0,221,106.765632,26.59151
167908197.0,222,106.769401,26.594352
168031634.0,223,116.531967,39.904327
178454325.0,224,106.977821,26.459207
178330929.0,225,106.954147,26.453815
174363691.0,226,113.340248,23.150867
175231537.0,227,106.770538,26.592241
174363690.0,228,113.337051,23.153556
174363692.0,229,113.337753,23.153619
175231538.0,230,106.770606,26.591266
175002369.0,231,106.787117,26.642402
174363442.0,232,106.77214,26.594488
175231540.0,233,106.775177,26.593772
174710581.0,234,106.771881,26.594453
174363648.0,235,113.339607,23.153108
175002368.0,236,106.79409,26.640424
174775088.0,237,106.776245,26.592582
174775090.0,238,106.773681,26.590158
174363664.0,239,113.339225,23.153043
167906571.0,240,106.770614,26.593954
168031505.0,241,116.531845,39.90343
168031491.0,242,116.531524,39.905029
167907961.0,243,106.774513,26.593555
168031606.0,244,116.531967,39.90644
168031506.0,245,116.533828,39.905544
174775089.0,246,106.776412,26.590175
174363663.0,247,113.338264,23.150804
170763531.0,248,106.775901,26.588958
174363749.0,249,113.339736,23.153875
174363729.0,250,113.33731,23.151315
175200818.0,251,106.785598,26.583578
174363748.0,252,113.339546,23.152019
175200817.0,253,106.787033,26.579576
174365749.0,254,106.778968,26.578092
174365747.0,255,106.779785,26.577226
168031509.0,256,106.755554,26.633159
174366259.0,257,106.785369,26.578222
174366260.0,258,106.783393,26.57442
174365748.0,259,106.784576,26.573167
258538032.0,260,106.856872,26.494838
174363743.0,261,113.336921,23.153043
174364165.0,262,106.777809,26.567062
174364164.0,263,106.775886,26.566814
172558358.0,264,106.778266,26.5655
172558359.0,265,106.77507,26.568519
172558349.0,266,106.774543,26.568593
175240192.0,267,106.776321,26.559461
13728230.0,268,106.83126,26.488729
105791221.0,269,106.983856,26.448438
167986444.0,270,106.778579,26.564191
167952662.0,271,106.752952,26.639377
175240194.0,272,106.771949,26.561326
168031578.0,273,116.531967,39.90644
168031504.0,274,116.532608,39.904392
168169001.0,275,106.772659,26.565521
170874645.0,276,106.781501,26.562568
168031538.0,277,116.531967,39.904327
174363650.0,278,113.337623,23.151315
168031537.0,279,116.533248,39.904518
168031539.0,280,116.533569,39.903816
168031637.0,281,116.5344,39.904903
168031564.0,282,116.533508,39.907077
170874655.0,283,106.778465,26.566158
167971595.0,284,106.781417,26.570474
258286874.0,285,106.763214,26.618772
171082291.0,286,106.78617,26.556816
168031581.0,287,116.533699,39.904006
171082281.0,288,106.786285,26.558258
167906847.0,289,106.713358,26.586467
170869259.0,290,106.788253,26.555309
170869269.0,291,106.788299,26.552421
174370608.0,292,106.78717,26.54854
174363774.0,293,113.340126,23.151443
174271280.0,294,106.785591,26.552352
174118706.0,295,106.79457,26.54836
174363779.0,296,113.340377,23.153171
178264632.0,297,106.865975,26.491416
171082251.0,298,106.788185,26.549362
167861536.0,299,106.790313,26.538507
170869299.0,300,106.787376,26.546798
167971891.0,301,106.789085,26.545591
171057931.0,302,106.789329,26.487228
167861535.0,303,106.788581,26.53914
168034592.0,304,106.759217,26.627871
174363778.0,305,113.339035,23.15394
174363867.0,306,113.337753,23.153619
174363869.0,307,113.340057,23.152339
170783519.0,308,106.791305,26.539949
168031592.0,309,116.533508,39.907077
174363868.0,310,113.339035,23.151699
167861525.0,311,106.789688,26.53857
174369072.0,312,106.788276,26.531959
174370864.0,313,106.809356,26.574583
174369073.0,314,106.791519,26.53092
174369074.0,315,106.791305,26.530593
175095856.0,316,106.793414,26.526392
174363722.0,317,113.339225,23.153043
175095857.0,318,106.792153,26.520091
236477993.0,319,100.415641,25.260047
170797035.0,320,106.762535,26.65242
170796841.0,321,106.75167,26.652662
99751059.0,322,106.789245,26.519208
174399794.0,323,106.792839,26.519392
174399792.0,324,106.794776,26.52079
174399793.0,325,106.793037,26.515447
168031533.0,326,116.534019,39.903686
167907951.0,327,106.770858,26.5918
171075369.0,328,106.797096,26.516355
99751060.0,329,106.793418,26.519117
99751061.0,330,106.791984,26.516504
167991034.0,331,106.732795,26.654342
171075359.0,332,106.798896,26.516559
174363832.0,333,113.340057,23.152339
236478167.0,334,100.415702,25.263824
171690272.0,335,106.98011,26.46351
236478102.0,336,100.417236,25.261072
168061717.0,337,106.804382,26.50868
167908127.0,338,106.771492,26.594196
167952918.0,339,106.762711,26.632305
171057755.0,340,106.806137,26.507492
13728252.0,341,106.841758,26.498748
13728251.0,342,106.839546,26.504093
174242097.0,343,106.804336,26.508182
170842143.0,344,106.818504,26.503858
170842133.0,345,106.822898,26.502418
236478103.0,346,100.416023,25.260175
175201072.0,347,106.786571,26.538499
236478182.0,348,100.417045,25.260816
168031562.0,349,116.531967,39.904838
168031534.0,350,116.531455,39.904327
170842123.0,351,106.822914,26.501811
171057765.0,352,106.805885,26.501216
170842163.0,353,106.835327,26.505216
174363710.0,354,113.337883,23.153491
174363709.0,355,113.338394,23.152084
174363708.0,356,113.337562,23.151443
167908217.0,357,106.772048,26.595462
13728229.0,358,106.817642,26.502965
105113084.0,359,106.837791,26.502845
105113086.0,360,106.855247,26.494228
13728228.0,361,106.842514,26.50221
105113085.0,362,106.816635,26.501432
13728253.0,363,106.812515,26.504442
105113058.0,364,106.846603,26.497436
105113059.0,365,106.820572,26.485384
105113057.0,366,106.847496,26.498077
167943421.0,367,106.844398,26.499139
167943420.0,368,106.845092,26.488882
175022641.0,369,106.844459,26.500053
236478153.0,370,100.41481,25.260751
174772533.0,371,106.853668,26.499864
175010099.0,372,106.850006,26.497882
174370612.0,373,106.769907,26.553305
174363703.0,374,113.340316,23.152851
174363863.0,375,113.340248,23.150867
236478155.0,376,100.414932,25.262863
174363702.0,377,113.338142,23.152147
174363758.0,378,113.338073,23.154644
258538034.0,379,106.857154,26.497026
174363704.0,380,113.339805,23.153556
175014706.0,381,106.86351,26.493986
175231536.0,382,106.77449,26.59139
175014705.0,383,106.864311,26.494766
174363767.0,384,113.338775,23.153364
174363766.0,385,113.336669,23.15394
174370613.0,386,106.767307,26.552976
174363834.0,387,113.339035,23.150739
95670161.0,388,106.872215,26.488882
95670163.0,389,106.865104,26.490085
174363733.0,390,113.340316,23.152851
178264633.0,391,106.868169,26.489131
178264631.0,392,106.869357,26.484916
178264635.0,393,106.87342,26.484964
174363765.0,394,113.340126,23.151443
236478090.0,395,100.41468,25.261903
175010096.0,396,106.840126,26.48892
236478149.0,397,100.415893,25.26152
171690509.0,398,106.895337,26.478917
178264634.0,399,106.874733,26.485518
174363716.0,400,113.336349,23.150932
100345491.0,401,106.879112,26.488756
96267153.0,402,106.95079,26.450994
96267154.0,403,106.945137,26.465633
95661720.0,404,106.880371,26.483091
96267152.0,405,106.955665,26.465373
174363745.0,406,113.337562,23.151443
174363747.0,407,113.338333,23.154644
95661719.0,408,106.886878,26.476415
174363845.0,409,113.340126,23.153108
105113077.0,410,106.834663,26.500335
171690507.0,411,106.953582,26.469444
96142746.0,412,106.895446,26.477666
178344752.0,413,106.893974,26.478527
174363665.0,414,113.336349,23.150932
178494001.0,415,106.898834,26.480045
178344754.0,416,106.903175,26.480281
174363882.0,417,113.337242,23.151699
178344243.0,418,106.916633,26.488487
236477962.0,419,100.417236,25.261327
175561778.0,420,106.986831,26.445236
175561776.0,421,106.985214,26.446462
175231539.0,422,106.781471,26.59457
236477963.0,423,100.415641,25.262416
105789670.0,424,106.91024,26.484312
174363669.0,425,113.339996,23.154516
178359347.0,426,106.917152,26.485403
236478013.0,427,100.415893,25.26152
236478014.0,428,100.41423,25.261648
178359348.0,429,106.917617,26.487085
96267408.0,430,106.940406,26.475303
96184468.0,431,106.91703,26.475217
174363651.0,432,113.338394,23.151699
174363870.0,433,113.340057,23.153427
174363873.0,434,113.339035,23.150739
174363726.0,435,113.337883,23.153491
96184465.0,436,106.938926,26.460914
236478026.0,437,100.41481,25.263759
168031641.0,438,116.531524,39.906055
95661715.0,439,106.868705,26.516414
236478203.0,440,100.417114,25.260944
174992436.0,441,106.797334,26.61985
174992693.0,442,106.740783,26.631406
174363725.0,443,113.339416,23.153171
174363724.0,444,113.337821,23.151508
167971615.0,445,106.782287,26.562952
168031495.0,446,116.535041,39.907077
96184464.0,447,106.964866,26.469362
174363689.0,448,113.338775,23.153364
174363862.0,449,113.338333,23.154644
99554707.0,450,106.960372,26.473791
168031596.0,451,116.534721,39.906631
96142742.0,452,106.921913,26.475585
171082261.0,453,106.785255,26.549133
99554705.0,454,106.963386,26.471807
99552144.0,455,106.9514,26.46515
167943399.0,456,106.849075,26.488628
99554708.0,457,106.954856,26.473949
99554706.0,458,106.965072,26.480075
178516786.0,459,106.952804,26.468549
174363736.0,460,113.337562,23.154195
167952653.0,461,106.76538,26.637622
169164073.0,462,106.960121,26.469554
169317664.0,463,106.952079,26.476047
96142744.0,464,106.889968,26.470767
178344961.0,465,106.964963,26.463339
174750512.0,466,106.759407,26.629497
174363793.0,467,113.338455,23.154067
175552564.0,468,106.979217,26.472555
174363897.0,469,113.338073,23.154644
174363688.0,470,113.338653,23.153684
174363794.0,471,113.340057,23.153427
99554704.0,472,106.969444,26.473873
178287669.0,473,106.970771,26.473176
236478106.0,474,100.41423,25.261135
236478201.0,475,100.41423,25.261327
175552820.0,476,106.972755,26.470891
175562037.0,477,106.978996,26.447435
175562033.0,478,106.983879,26.465568
174993202.0,479,106.774826,26.632431
174993201.0,480,106.779464,26.633068
175552562.0,481,106.98117,26.471607
236478107.0,482,100.41513,25.261775
178449201.0,483,106.980255,26.468408
174363854.0,484,113.339035,23.150739
236478067.0,485,100.41513,25.264015
174363837.0,486,113.337181,23.153812
236478076.0,487,100.416793,25.264015
174363799.0,488,113.338073,23.151571
174710576.0,489,106.764183,26.5953
99751058.0,490,106.754219,26.557933
99751056.0,491,106.754432,26.556774
171057919.0,492,106.775314,26.516633
170869270.0,493,106.788611,26.54932
178454321.0,494,106.987083,26.46038
236478038.0,495,100.414741,25.261583
105787125.0,496,106.986518,26.453285
105113072.0,497,106.831512,26.50724
105787110.0,498,106.980072,26.450521
174363836.0,499,113.336921,23.150676
236478039.0,500,100.41423,25.261327
174363800.0,501,113.338775,23.152532
236478105.0,502,100.416603,25.263952
236478077.0,503,100.413467,25.261392
96343952.0,504,106.984939,26.458892
236478075.0,505,100.416984,25.263248
96343953.0,506,106.979629,26.459905
174363440.0,507,106.770454,26.592987
167952908.0,508,106.765761,26.635008
168031597.0,509,116.531524,39.906055
105791191.0,510,106.98001,26.457645
105787120.0,511,106.987541,26.451602
13728240.0,512,106.840507,26.493221
167952907.0,513,106.759132,26.635172
168031489.0,514,116.534019,39.904712
178449459.0,515,106.976212,26.450502
174772528.0,516,106.850006,26.500476
174363732.0,517,113.33641,23.15426
96279444.0,518,106.98764,26.451265
96279445.0,519,106.998527,26.448854
96354196.0,520,107.055305,26.441507
96269970.0,521,106.987312,26.445499
96269968.0,522,106.989913,26.450761
96269969.0,523,106.977539,26.44215
168031594.0,524,116.532867,39.904838
167943419.0,525,106.851982,26.489837
174846466.0,526,106.745307,26.624492
236477981.0,527,100.416854,25.26408
96279443.0,528,106.996726,26.449054
96354199.0,529,107.006355,26.448543
96354197.0,530,107.015068,26.453632
174363833.0,531,113.339485,23.151123
174223921.0,532,106.720062,26.547765
236478066.0,533,100.416213,25.261072
236478068.0,534,100.417434,25.261903
174363654.0,535,113.340248,23.150676
174363792.0,536,113.337181,23.154388
99684754.0,537,106.714881,26.553537
99684753.0,538,106.716972,26.548666
168221195.0,539,106.707351,26.551946
170869279.0,540,106.789192,26.551912
174188594.0,541,106.70333,26.554075
236477965.0,542,100.416343,25.262351
174363826.0,543,113.338775,23.150611
171718175.0,544,107.523933,26.258382
167920929.0,545,106.701576,26.551139
172700999.0,546,106.694655,26.55638
167991328.0,547,106.759497,26.634818
171038988.0,548,106.684837,26.559795
167869974.0,549,106.686538,26.558563
171126649.0,550,106.683723,26.562835
105114459.0,551,106.67767,26.565235
258283907.0,552,106.672157,26.563833
257976587.0,553,106.672778,26.564081
167972875.0,554,106.699119,26.618719
257976588.0,555,106.673342,26.565957
168031549.0,556,116.532867,39.907016
171147129.0,557,106.668136,26.563295
175029304.0,558,106.661872,26.5648
174363856.0,559,113.338073,23.153491
175029305.0,560,106.660812,26.565837
105080441.0,561,106.658432,26.564151
258283918.0,562,106.670876,26.56665
168031603.0,563,116.531845,39.905544
168221196.0,564,106.708175,26.551183
168052285.0,565,106.65081,26.571979
168031707.0,566,116.534851,39.904006
168052512.0,567,106.641209,26.577518
168031529.0,568,116.531845,39.90343
168031659.0,569,116.534721,39.906631
170793247.0,570,106.643569,26.571569
172701049.0,571,106.691222,26.556492
170785115.0,572,106.633804,26.580112
168031546.0,573,116.532798,39.906631
168031635.0,574,116.533058,39.90567
168031613.0,575,116.534019,39.903686
100512912.0,576,106.642936,26.580867
236478030.0,577,100.414932,25.260559
236478196.0,578,100.415771,25.261903
171147059.0,579,106.671897,26.569353
168052757.0,580,106.644615,26.581903
100528402.0,581,106.643119,26.579114
174812211.0,582,106.772842,26.630243
100528401.0,583,106.640533,26.584142
100365715.0,584,106.677978,26.592525
100520595.0,585,106.6203,26.61074
172639806.0,586,106.636909,26.588432
100520602.0,587,106.63694,26.598251
100455827.0,588,106.637168,26.595214
100455829.0,589,106.640521,26.592253
100520601.0,590,106.637451,26.591638
100520592.0,591,106.635429,26.604621
236478097.0,592,100.417236,25.260944
174846263.0,593,106.74591,26.629968
175301425.0,594,106.677024,26.587373
175078963.0,595,106.741172,26.622781
174846266.0,596,106.747253,26.629329
168030987.0,597,106.74691,26.627828
168031638.0,598,116.531265,39.904712
258538752.0,599,106.751693,26.635581
167974667.0,600,106.679138,26.595283
175301427.0,601,106.677742,26.592222
168221236.0,602,106.705223,26.55208
170797052.0,603,106.746948,26.656818
170765030.0,604,106.67958,26.595947
167973901.0,605,106.69876,26.613861
168221209.0,606,106.707824,26.551235
257976607.0,607,106.669349,26.5631
175301426.0,608,106.678039,26.5969
99763090.0,609,106.692413,26.602012
13838827.0,610,106.677787,26.596961
170765035.0,611,106.67662,26.606409
100439696.0,612,106.677772,26.606042
100365461.0,613,106.648601,26.661751
170786109.0,614,106.678741,26.602527
175006512.0,615,106.680015,26.605201
175006513.0,616,106.677131,26.606315
236478043.0,617,100.415893,25.263248
236478034.0,618,100.413589,25.263568
175300400.0,619,106.682884,26.61016
174363770.0,620,113.339805,23.153556
170770955.0,621,106.676605,26.610921
168031616.0,622,116.534782,39.905029
170770975.0,623,106.687957,26.607793
174223666.0,624,106.693011,26.545224
13943280.0,625,106.684082,26.608697
174363685.0,626,113.337753,23.153619
174363695.0,627,113.338073,23.153491
167991051.0,628,106.747123,26.628189
168031683.0,629,116.53376,39.906246
175301124.0,630,106.61834,26.62499
178493953.0,631,106.896003,26.48055
167991337.0,632,106.744148,26.625194
170771005.0,633,106.69651,26.615316
167973919.0,634,106.70063,26.613809
171079435.0,635,106.697761,26.617929
168052235.0,636,106.651992,26.57023
167972885.0,637,106.707069,26.623693
168031633.0,638,116.532928,39.90324
170793399.0,639,116.242279,40.034473
172700959.0,640,106.703726,26.560006
168031688.0,641,116.532608,39.904392
170778379.0,642,106.732101,26.629749
167971861.0,643,106.788248,26.556141
168031669.0,644,116.53395,39.905799
170733067.0,645,106.714225,26.627296
174150960.0,646,106.710182,26.627786
174363803.0,647,113.339035,23.151699
175203634.0,648,106.713592,26.627983
174246960.0,649,106.722488,26.619903
174363802.0,650,113.33731,23.151828
174812210.0,651,106.743911,26.627754
174812209.0,652,106.749061,26.624292
174182962.0,653,106.717285,26.62782
236478162.0,654,100.417434,25.261903
174879280.0,655,106.737861,26.644849
174677297.0,656,106.718437,26.625261
174247170.0,657,106.735695,26.622861
174677296.0,658,106.718513,26.625785
236478163.0,659,100.413978,25.262735
174677298.0,660,106.721488,26.628299
170793454.0,661,116.240745,40.034858
170793456.0,662,116.243682,40.035114
168172565.0,663,106.733032,26.62981
167974421.0,664,106.666671,26.591819
168172555.0,665,106.731567,26.629442
168121355.0,666,106.735832,26.623266
170793284.0,667,116.240547,40.038314
174846512.0,668,106.739639,26.624597
236477960.0,669,100.416213,25.260944
236477961.0,670,100.416023,25.262351
170793283.0,671,116.241058,40.034923
174246965.0,672,106.73648,26.623783
236478174.0,673,100.414299,25.262928
171083275.0,674,106.73101,26.627462
170793299.0,675,116.241958,40.035625
174750513.0,676,106.760429,26.631605
171690527.0,677,106.947677,26.465101
170793349.0,678,116.242919,40.034858
167973899.0,679,106.6996,26.613885
174246964.0,680,106.736091,26.619993
174772530.0,681,106.845428,26.495965
174246963.0,682,106.739456,26.621288
174846513.0,683,106.741165,26.625223
167907941.0,684,106.770927,26.59457
168031664.0,685,116.531715,39.904647
168031570.0,686,116.53395,39.905799
175078962.0,687,106.741432,26.625425
174846516.0,688,106.74356,26.631435
178449456.0,689,106.981788,26.482561
174846514.0,690,106.743904,26.62692
236478061.0,691,100.414932,25.260559
175280178.0,692,106.742439,26.623165
174812208.0,693,106.748565,26.62725
174846260.0,694,106.747192,26.628749
13771745.0,695,106.746284,26.631359
170765045.0,696,106.669761,26.593202
167991071.0,697,106.747901,26.630157
236478136.0,698,106.741592,26.634954
236477998.0,699,100.413658,25.260751
174846515.0,700,106.741767,26.627935
167991061.0,701,106.746482,26.629854
13908209.0,702,106.748649,26.629802
13908208.0,703,106.740272,26.634695
167943408.0,704,106.848434,26.507226
178287666.0,705,106.96618,26.46697
172701009.0,706,106.692856,26.556239
174363815.0,707,113.339416,23.151315
142939137.0,708,108.157554,26.509124
142939401.0,709,108.155952,26.508871
69826626.0,710,108.154808,26.502634
142939397.0,711,108.158447,26.505792
28011266.0,712,107.976058,26.55775
140857105.0,713,107.893936,26.53083
142939441.0,714,116.184951,39.738624
7644162.0,715,106.990562,26.44219
142939139.0,716,108.156127,26.507099
7644161.0,717,106.974243,26.43593
142939403.0,718,108.157669,26.506774
142939404.0,719,116.186553,39.738368
2050753.0,720,107.888137,26.530858
28011265.0,721,107.986114,26.561557
68496628.0,722,116.184829,39.737472
27844487.0,723,107.575057,26.543785
142939138.0,724,108.154884,26.501342
69826627.0,725,108.152297,26.49784
69826625.0,726,108.147064,26.497531
94000530.0,727,108.138259,26.485374
142939438.0,728,116.183158,39.737792
68496462.0,729,116.184059,39.737792
27999110.0,730,107.616432,26.502973
251648523.0,731,108.152374,26.495227
28009606.0,732,107.888282,26.536422
68496434.0,733,116.184951,39.736385
251648521.0,734,108.155662,26.499399
251648522.0,735,108.153709,26.495733
64268502.0,736,108.152038,26.495
64268508.0,737,108.152549,26.49385
64268498.0,738,108.151664,26.498817
27841667.0,739,107.547546,26.445487
93932678.0,740,108.152267,26.495641
63523778.0,741,107.227668,26.324974
142939617.0,742,116.186744,39.737728
69843781.0,743,108.149993,26.49686
27774340.0,744,107.204078,26.337322
27774343.0,745,107.220733,26.323741
142939459.0,746,116.186813,39.738239
25840389.0,747,107.435501,26.283336
68496538.0,748,116.18489,39.735874
28013207.0,749,108.055496,26.56357
142939444.0,750,116.184188,39.736255
142939428.0,751,116.186683,39.735553
69843780.0,752,108.14801,26.493343
142939422.0,753,108.158058,26.503099
142939419.0,754,116.183158,39.736064
142939540.0,755,116.185081,39.738689
15801412.0,756,108.146156,26.495683
94464129.0,757,108.146881,26.494016
27999365.0,758,107.650283,26.513181
27844609.0,759,107.566848,26.529108
68496617.0,760,116.187133,39.738689
15801424.0,761,108.146095,26.493698
27774338.0,762,107.213211,26.346448
93932675.0,763,108.142868,26.494594
15801409.0,764,108.145774,26.494979
27841702.0,765,113.523605,22.238681
68496537.0,766,116.184509,39.737728
93932695.0,767,108.14402,26.4953
140559900.0,768,106.626541,26.591934
142939429.0,769,116.183929,39.735618
15801410.0,770,108.143043,26.486076
93932674.0,771,108.145744,26.492092
94464131.0,772,108.147209,26.489627
28009862.0,773,107.902748,26.54375
141555203.0,774,107.595451,26.508079
94000513.0,775,108.139053,26.488101
142939409.0,776,108.157348,26.506456
28013089.0,777,108.039283,26.567811
94000514.0,778,108.131065,26.485733
68496444.0,779,116.18502,39.736
25255045.0,780,108.133392,26.489028
28009864.0,781,107.908081,26.545787
94000515.0,782,108.136909,26.485565
29899395.0,783,106.670356,26.564683
69763905.0,784,108.134544,26.490503
7644417.0,785,107.022232,26.429796
27841578.0,786,113.522201,22.238618
142939430.0,787,116.18399,39.737792
25799812.0,788,107.505827,26.329107
25840513.0,789,107.444633,26.293672
93999746.0,790,108.132995,26.483772
25799811.0,791,107.502777,26.322219
27995784.0,792,107.576004,26.50413
25255041.0,793,108.122177,26.48524
25799810.0,794,107.504493,26.32147
93999747.0,795,108.122528,26.483448
25255042.0,796,108.12799,26.488779
93999745.0,797,108.123023,26.48604
28014209.0,798,108.136268,26.571771
27841748.0,799,113.520858,22.239961
28041339.0,800,116.243362,40.036521
167948932.0,801,107.927551,26.540483
143549441.0,802,108.114646,26.494832
141932553.0,803,108.068626,26.567296
28013314.0,804,108.074317,26.564189
141932554.0,805,108.066894,26.565944
93949057.0,806,108.120933,26.490718
163385415.0,807,107.855087,26.528251
93926786.0,808,108.114891,26.495727
27841666.0,809,107.539741,26.449708
93926785.0,810,108.1137,26.497116
142939519.0,811,116.185852,39.73664
27774851.0,812,107.262939,26.308891
28009609.0,813,107.886955,26.536348
28009611.0,814,107.885658,26.536266
176991116.0,815,108.108085,26.504547
176991110.0,816,108.110084,26.505815
27841747.0,817,113.520729,22.239641
93949058.0,818,108.108909,26.505189
28016261.0,819,107.853858,26.52964
93926274.0,820,108.105209,26.535779
27998601.0,821,107.56681,26.508302
28013201.0,822,108.036201,26.568262
93926273.0,823,108.107727,26.510564
93926288.0,824,108.106254,26.510177
94470017.0,825,108.102508,26.538211
28009730.0,826,107.905769,26.543178
27817859.0,827,108.102668,26.546361
27817857.0,828,108.105682,26.550941
28041323.0,829,116.241508,40.035625
94470019.0,830,108.10337,26.562311
25840514.0,831,107.442268,26.296291
28041324.0,832,116.24298,40.035308
684493.0,833,108.103492,26.565261
94470020.0,834,108.104454,26.565706
28041447.0,835,116.242919,40.037097
27997939.0,836,119.987701,30.223968
28013954.0,837,108.103942,26.570306
28013198.0,838,108.044013,26.566005
94463873.0,839,108.100212,26.564861
28009351.0,840,107.872421,26.533334
94463874.0,841,108.096366,26.564779
28043394.0,842,107.598144,26.511468
27841603.0,843,113.523544,22.239833
176994947.0,844,108.062042,26.57439
141926921.0,845,108.088981,26.565797
250916869.0,846,107.520805,26.259342
25255053.0,847,108.123397,26.487663
68173657.0,848,106.618995,26.597721
25255052.0,849,108.132865,26.489028
176994948.0,850,108.059341,26.573141
28009603.0,851,107.886207,26.532732
67752514.0,852,108.071807,26.564466
141932546.0,853,108.067665,26.564727
141932547.0,854,108.067207,26.563257
141932548.0,855,108.065673,26.56287
25254945.0,856,108.125389,26.486946
140890625.0,857,108.058792,26.563768
28013185.0,858,108.049125,26.565242
28041349.0,859,107.679359,26.565979
28000514.0,860,107.718055,26.514167
140890627.0,861,108.052413,26.564504
28041332.0,862,116.244201,40.034538
27721346.0,863,107.50843,26.33963
25833863.0,864,107.514251,26.30751
143527432.0,865,107.743072,26.524768
28011140.0,866,107.969398,26.556203
94470030.0,867,108.101672,26.563801
143527433.0,868,107.741195,26.521886
28013186.0,869,108.037368,26.570369
28012929.0,870,108.029113,26.569429
28015489.0,871,108.03997,26.568834
93949059.0,872,108.114524,26.493856
140887816.0,873,107.896133,26.536773
28015494.0,874,108.035133,26.570369
140563725.0,875,106.649269,26.573333
242499649.0,876,107.509559,26.265483
69467204.0,877,106.645347,26.59757
28015490.0,878,108.037704,26.566743
28012930.0,879,108.029571,26.566993
27999119.0,880,107.616271,26.497171
27773570.0,881,107.153228,26.366119
2068941.0,882,108.030014,26.567438
28012420.0,883,108.019165,26.568763
28012417.0,884,108.01995,26.56784
25925769.0,885,106.711433,26.551679
142939416.0,886,116.185272,39.736
28012422.0,887,108.00679,26.568374
68068930.0,888,107.528167,26.286293
140563973.0,889,106.641532,26.606964
28012162.0,890,107.994667,26.565399
162697039.0,891,106.646781,26.574638
142939437.0,892,116.183357,39.735874
142939436.0,893,116.186813,39.737983
2035664.0,894,107.888923,26.544206
163396164.0,895,107.996414,26.567518
161887683.0,896,107.527893,26.295318
12196437.0,897,106.689537,26.563041
28012161.0,898,108.005508,26.566705
27998856.0,899,107.552238,26.483606
25173379.0,900,108.007736,26.560266
163385422.0,901,107.857444,26.538654
25173382.0,902,107.985366,26.560279
161677371.0,903,106.648771,26.574897
163408207.0,904,107.98175,26.560531
161973065.0,905,107.51384,26.292325
28008194.0,906,107.834815,26.518991
163408208.0,907,107.980293,26.561025
7672840.0,908,107.801368,26.532758
28011141.0,909,107.97013,26.555973
2071489.0,910,107.973838,26.554603
28011138.0,911,107.969886,26.556245
28009474.0,912,107.887977,26.533048
176994962.0,913,108.074707,26.571866
28010883.0,914,107.954879,26.557167
161973315.0,915,107.515098,26.271198
16253505.0,916,107.52877,26.269163
16253506.0,917,107.52819,26.27305
28010884.0,918,107.957969,26.553207
161982031.0,919,107.511932,26.292028
67737671.0,920,107.942001,26.560653
142939487.0,921,116.184509,39.738815
67737667.0,922,107.943725,26.558664
142939446.0,923,116.186874,39.735744
68496579.0,924,116.186233,39.736831
68496512.0,925,116.1847,39.736064
93932700.0,926,108.153099,26.494428
27998595.0,927,107.568222,26.505422
68496578.0,928,116.183227,39.735553
93932701.0,929,108.144531,26.491132
69736007.0,930,107.948692,26.554479
141332495.0,931,106.644248,26.583116
69736005.0,932,107.944557,26.557159
161677373.0,933,106.64869,26.574972
162619714.0,934,106.701236,26.562054
69404164.0,935,106.687614,26.55883
28016520.0,936,107.941024,26.556074
251648537.0,937,108.15578,26.496472
163496769.0,938,107.941535,26.555416
163496771.0,939,107.940826,26.557792
162619713.0,940,106.774551,26.512517
143359489.0,941,107.174606,26.338729
163496770.0,942,107.938758,26.551986
140888833.0,943,107.946533,26.565309
68496501.0,944,116.184761,39.735424
28010627.0,945,107.927856,26.547313
2056829.0,946,116.433135,39.937297
16259521.0,947,107.512687,26.31196
28010641.0,948,107.941185,26.555208
28012419.0,949,108.020683,26.574726
238845377.0,950,107.923561,26.549318
167948935.0,951,107.9123,26.546253
28009857.0,952,107.907295,26.542171
69744966.0,953,107.905975,26.538148
161973185.0,954,107.515373,26.29145
242511116.0,955,107.509429,26.26086
27841723.0,956,113.521812,22.241113
7605510.0,957,107.425849,26.275545
27844353.0,958,107.574874,26.546394
28009858.0,959,107.908752,26.544467
27844354.0,960,107.576797,26.549863
27841626.0,961,113.523353,22.24105
28009859.0,962,107.903594,26.539314
27841281.0,963,107.530509,26.406921
2056898.0,964,107.899856,26.534246
2056894.0,965,116.433197,39.936977
140888584.0,966,107.897521,26.534521
140857109.0,967,107.895462,26.526462
140887575.0,968,107.908096,26.538955
27999490.0,969,107.635154,26.508388
140888583.0,970,107.897796,26.534301
140856840.0,971,107.910186,26.53
140887810.0,972,107.895126,26.537477
27841686.0,973,113.522132,22.239961
27999362.0,974,107.646774,26.509578
140857092.0,975,107.895172,26.535108
161982035.0,976,107.517776,26.288375
27999361.0,977,107.652229,26.510946
2035656.0,978,107.894989,26.537731
12417671.0,979,107.439514,26.292722
142939569.0,980,116.183227,39.738815
16261955.0,981,107.504732,26.279502
140855060.0,982,107.892303,26.520298
28012424.0,983,108.005912,26.568553
140857091.0,984,107.890327,26.534593
27841734.0,985,113.522201,22.239898
141245448.0,986,106.702842,26.585714
140596491.0,987,106.628501,26.592065
140856842.0,988,107.908729,26.53218
2035654.0,989,107.891136,26.531707
27841739.0,990,113.521369,22.239257
94000528.0,991,108.140205,26.484966
67656005.0,992,107.892616,26.531835
2056950.0,993,116.436332,39.936656
67656004.0,994,107.88459,26.53074
64268765.0,995,108.174148,26.494865
2093250.0,996,107.885719,26.533308
2056838.0,997,116.434219,39.936786
68536385.0,998,107.472885,26.283632
2050763.0,999,107.88655,26.530992
68496566.0,1000,116.18489,39.737407
242589706.0,1001,107.880088,26.52593
25173381.0,1002,107.990509,26.559606
140570127.0,1003,106.642082,26.576852
161973573.0,1004,107.5139,26.305065
161972363.0,1005,107.520553,26.302978
140590148.0,1006,106.642204,26.587127
27841569.0,1007,107.542739,26.459354
143527437.0,1008,107.75032,26.518716
28009350.0,1009,107.875221,26.533138
28009346.0,1010,107.871086,26.533008
28009102.0,1011,107.868545,26.525869
161973589.0,1012,107.514633,26.308107
25173645.0,1013,107.957427,26.580102
140810243.0,1014,107.527,26.25704
140810242.0,1015,107.524444,26.258501
28009104.0,1016,107.868927,26.528238
28009103.0,1017,107.857452,26.533977
68518991.0,1018,107.525757,26.298561
25173633.0,1019,107.954414,26.579523
25173647.0,1020,107.956909,26.578279
69843521.0,1021,107.865242,26.533393
64997315.0,1022,107.861709,26.533212
1777941.0,1023,106.707496,26.553857
64997316.0,1024,107.866516,26.533664
2051011.0,1025,107.961039,26.583606
64997317.0,1026,107.863128,26.537429
140810502.0,1027,107.614242,26.246929
27841564.0,1028,113.522392,22.237529
69843527.0,1029,107.865951,26.533575
27999368.0,1030,107.663833,26.501806
69843528.0,1031,107.859931,26.529945
163385410.0,1032,107.855842,26.532787
15910212.0,1033,107.852584,26.532047
93999750.0,1034,108.126091,26.481138
27841662.0,1035,113.522453,22.237722
94000517.0,1036,108.137878,26.487167
94000521.0,1037,108.13388,26.485092
27997914.0,1038,119.98674,30.221536
142939415.0,1039,116.184509,39.735874
28016263.0,1040,107.854377,26.52754
94470023.0,1041,108.101646,26.544269
28016259.0,1042,107.850502,26.527858
94470021.0,1043,108.103958,26.559129
28016257.0,1044,107.843612,26.529348
27841692.0,1045,113.523544,22.239257
94000529.0,1046,108.137428,26.487676
28008322.0,1047,107.833305,26.518104
174363900.0,1048,113.340126,23.153108
174363902.0,1049,113.339294,23.150804
28008323.0,1050,107.831855,26.520278
163408194.0,1051,107.985862,26.556901
161973575.0,1052,107.515274,26.306261
161973576.0,1053,107.511291,26.310098
28008321.0,1054,107.839103,26.523019
2035665.0,1055,107.889221,26.544397
168031692.0,1056,116.533508,39.905735
168031690.0,1057,116.532096,39.905094
168052286.0,1058,106.648956,26.571977
68117831.0,1059,106.642929,26.578889
28041380.0,1060,116.241256,40.035243
250916547.0,1061,107.513175,26.23777
69467207.0,1062,106.63462,26.59172
27841561.0,1063,113.523483,22.239961
27841560.0,1064,113.523605,22.238618
28008065.0,1065,107.830436,26.522932
28007810.0,1066,107.82331,26.531145
28008067.0,1067,107.830886,26.521711
140888587.0,1068,107.900886,26.536176
140888577.0,1069,107.897201,26.536954
28008068.0,1070,107.823471,26.529399
140855044.0,1071,107.88787,26.521064
28007813.0,1072,107.816551,26.530561
7644199.0,1073,106.869995,26.496316
28007809.0,1074,107.820938,26.531541
69744964.0,1075,107.920707,26.543846
2035660.0,1076,107.873229,26.549125
27773600.0,1077,107.155586,26.364015
28041410.0,1078,116.24253,40.035243
7672834.0,1079,107.802185,26.528722
27841660.0,1080,113.524696,22.239578
27841658.0,1081,113.524505,22.239002
7672836.0,1082,107.809982,26.533201
7672833.0,1083,107.795646,26.529541
28041411.0,1084,116.241508,40.038059
27841659.0,1085,113.521179,22.237401
27995779.0,1086,107.568733,26.509191
28001409.0,1087,107.793937,26.528152
28041365.0,1088,116.241638,40.037036
176971137.0,1089,107.793075,26.526218
67670343.0,1090,107.790199,26.540124
162002257.0,1091,107.498657,26.293636
28001410.0,1092,107.776832,26.525899
68080451.0,1093,107.497573,26.315193
68080449.0,1094,107.501258,26.314226
94028426.0,1095,107.778762,26.529365
54902404.0,1096,107.515226,26.275073
27841649.0,1097,113.523162,22.239706
94028425.0,1098,107.771438,26.52803
67670344.0,1099,107.761573,26.517751
27996546.0,1100,107.760917,26.523748
143527425.0,1101,107.756454,26.523273
28041317.0,1102,116.243942,40.036842
93926287.0,1103,108.107856,26.510437
27997825.0,1104,107.750144,26.519092
28041395.0,1105,116.244392,40.03582
28041471.0,1106,116.244392,40.035308
28041318.0,1107,116.240806,40.036521
143527426.0,1108,107.744209,26.524946
27998082.0,1109,107.735023,26.518995
28041329.0,1110,116.240547,40.037548
93926532.0,1111,107.912895,26.522716
28000641.0,1112,107.727355,26.519439
27998086.0,1113,107.730529,26.519784
142939618.0,1114,116.185272,39.736511
93926533.0,1115,107.91674,26.524507
28000642.0,1116,107.717857,26.517494
27999874.0,1117,107.708557,26.517406
7644170.0,1118,106.971267,26.45156
27998337.0,1119,107.708946,26.511928
27841661.0,1120,113.52124,22.237657
28041306.0,1121,116.242919,40.037673
28001154.0,1122,107.695678,26.516315
27842198.0,1123,107.541793,26.462617
28041305.0,1124,116.244392,40.03582
28001153.0,1125,107.682601,26.514642
64951746.0,1126,107.685752,26.514364
27999619.0,1127,107.640464,26.50884
28000901.0,1128,107.674354,26.515548
28000897.0,1129,107.678726,26.513814
28000902.0,1130,107.671379,26.513494
28000898.0,1131,107.667861,26.516071
28041299.0,1132,116.243682,40.038379
27996801.0,1133,107.661735,26.511724
27774855.0,1134,107.280403,26.302385
28041301.0,1135,116.240615,40.034988
27996802.0,1136,107.656593,26.512474
27841688.0,1137,113.523162,22.239706
27841720.0,1138,113.520858,22.239961
28041604.0,1139,107.634872,26.505725
27841639.0,1140,113.52201,22.240922
93926537.0,1141,107.913581,26.517845
28041605.0,1142,107.636093,26.508644
260712898.0,1143,107.623344,26.506925
28043143.0,1144,107.623146,26.508157
27841638.0,1145,113.523735,22.237594
142939622.0,1146,116.183227,39.738815
94091656.0,1147,107.501396,26.317468
28041311.0,1148,116.243171,40.03614
27840897.0,1149,107.518432,26.398983
27999117.0,1150,107.622299,26.51016
27999105.0,1151,107.619537,26.505359
28041320.0,1152,116.244392,40.035308
27999106.0,1153,107.616607,26.499151
27999107.0,1154,107.606208,26.497415
27997569.0,1155,107.609359,26.503929
27841768.0,1156,113.523414,22.237274
260618445.0,1157,107.035222,26.425909
32043588.0,1158,107.594894,26.511039
12405838.0,1159,107.500881,26.321294
141555202.0,1160,107.591018,26.507923
2035655.0,1161,107.904785,26.54083
28041366.0,1162,116.24324,40.035625
95264385.0,1163,107.586372,26.504877
28013956.0,1164,108.104667,26.569232
27841575.0,1165,113.522773,22.237913
161548355.0,1166,106.657943,26.561019
140590360.0,1167,106.661613,26.607189
28041308.0,1168,116.240806,40.034732
142227713.0,1169,106.687393,26.563611
28041326.0,1170,116.24253,40.035243
27721347.0,1171,107.510284,26.338306
69781313.0,1172,107.585227,26.504434
28041328.0,1173,116.240867,40.037292
161972289.0,1174,107.518585,26.300638
27841574.0,1175,113.52111,22.241241
27841576.0,1176,113.523864,22.241113
141531142.0,1177,107.593681,26.5041
142939505.0,1178,116.187004,39.737983
142946305.0,1179,107.580528,26.501228
27995778.0,1180,107.578689,26.506629
28041388.0,1181,116.244133,40.034473
69843529.0,1182,107.859535,26.539108
690731.0,1183,107.574134,26.504495
27844485.0,1184,107.574607,26.544809
27844486.0,1185,107.56739,26.505552
27844489.0,1186,107.56694,26.507148
27844490.0,1187,107.559059,26.498277
54796738.0,1188,107.111282,26.349369
28041357.0,1189,116.24298,40.035308
28041356.0,1190,107.671096,26.551935
27844994.0,1191,107.558967,26.507831
27844995.0,1192,107.559333,26.503522
27998865.0,1193,107.557899,26.500495
27998852.0,1194,107.553466,26.494768
28013193.0,1195,108.038642,26.566722
27998849.0,1196,107.554687,26.494707
28041358.0,1197,116.24253,40.037292
25799299.0,1198,107.323753,25.830308
28041414.0,1199,116.241256,40.034923
27995522.0,1200,107.550773,26.485837
27998850.0,1201,107.558349,26.479991
28001025.0,1202,107.685211,26.515598
25799297.0,1203,107.32669,25.829412
27998853.0,1204,107.55426,26.485572
27995521.0,1205,107.552726,26.480297
27999745.0,1206,107.709671,26.515567
27841714.0,1207,113.523605,22.240346
27842181.0,1208,107.550361,26.473655
142939645.0,1209,116.185142,39.735935
27841689.0,1210,107.541603,26.461215
27841556.0,1211,113.524116,22.241241
27841555.0,1212,113.521812,22.237785
27842178.0,1213,107.548522,26.468774
25770634.0,1214,107.122451,26.384647
27999111.0,1215,107.61473,26.502311
25770632.0,1216,107.119194,26.383237
142950145.0,1217,107.543594,26.464717
27841665.0,1218,107.542343,26.457162
25770633.0,1219,107.115989,26.385728
27841668.0,1220,107.54557,26.461198
28001281.0,1221,107.794013,26.529558
28000132.0,1222,107.537368,26.440303
167847297.0,1223,107.536476,26.44639
93926178.0,1224,108.106071,26.510828
142939836.0,1225,104.124183,30.668344
167847298.0,1226,107.532989,26.438701
28000899.0,1227,107.676689,26.514011
28000131.0,1228,107.534721,26.424919
27996559.0,1229,107.762825,26.525381
28001282.0,1230,107.77433,26.529424
27841413.0,1231,107.530433,26.409984
167805314.0,1232,107.532203,26.414911
27841645.0,1233,113.523162,22.239706
27841410.0,1234,107.528976,26.407983
27841761.0,1235,113.523544,22.239257
27841415.0,1236,107.530128,26.408933
142939550.0,1237,116.184509,39.737983
16308163.0,1238,107.525871,26.277208
27841593.0,1239,113.522453,22.239257
93925761.0,1240,107.530311,26.405574
28013189.0,1241,108.049629,26.565746
93925762.0,1242,107.520507,26.402511
27841762.0,1243,113.52079,22.239578
27774593.0,1244,107.252166,26.314395
27774595.0,1245,107.251518,26.31645
27840898.0,1246,107.511878,26.392812
27720321.0,1247,107.50856,26.389099
161982017.0,1248,107.517456,26.290813
140566545.0,1249,106.667242,26.573693
27841554.0,1250,113.522651,22.240026
27841625.0,1251,113.522651,22.240026
25799553.0,1252,107.511566,26.380758
27841611.0,1253,113.524314,22.238426
25799554.0,1254,107.506866,26.374786
25838213.0,1255,107.50035,26.313079
27720833.0,1256,107.506553,26.367361
140807427.0,1257,107.507507,26.36515
162867778.0,1258,107.07579,26.220569
162867777.0,1259,107.075317,26.220937
140807426.0,1260,107.510795,26.358295
168813953.0,1261,107.510223,26.355413
27721091.0,1262,107.511268,26.352806
27721089.0,1263,107.509094,26.349668
27999876.0,1264,107.70877,26.517049
27721090.0,1265,107.50914,26.3467
27841721.0,1266,113.523544,22.239833
94079362.0,1267,107.500518,26.340518
68496553.0,1268,116.186935,39.7392
250919425.0,1269,107.510841,26.333492
251648516.0,1270,108.158615,26.500226
140566541.0,1271,106.656978,26.575777
27841749.0,1272,113.523483,22.239002
27841751.0,1273,113.521942,22.240665
7672838.0,1274,107.804344,26.538133
250931202.0,1275,107.508316,26.337408
7672837.0,1276,107.800476,26.531328
142939469.0,1277,116.186614,39.737728
162004290.0,1278,107.511634,26.325819
250919427.0,1279,107.510559,26.336692
25173634.0,1280,107.955116,26.575653
28041394.0,1281,116.243362,40.036716
28041378.0,1282,116.243621,40.036075
25799809.0,1283,107.505134,26.328752
28000002.0,1284,107.529464,26.420084
15801419.0,1285,108.142723,26.490762
7644419.0,1286,107.024223,26.431074
7644420.0,1287,107.023963,26.431396
7644421.0,1288,106.996856,26.437294
28015618.0,1289,108.150604,26.581554
94091651.0,1290,107.502517,26.32455
12405826.0,1291,107.503326,26.318374
28011393.0,1292,107.982963,26.555835
12405830.0,1293,107.501533,26.319326
64268740.0,1294,108.174598,26.493394
64268739.0,1295,108.173339,26.496089
28043138.0,1296,107.602355,26.518053
2056844.0,1297,116.436653,39.939922
68080450.0,1298,107.503044,26.3148
64268741.0,1299,108.173385,26.495891
12395073.0,1300,107.502098,26.313859
140590341.0,1301,106.663955,26.603925
140857110.0,1302,107.896163,26.535049
95303311.0,1303,106.638053,26.592753
176472450.0,1304,107.172286,26.343027
68496518.0,1305,116.18534,39.737472
27841664.0,1306,113.521179,22.237401
68118087.0,1307,106.642463,26.567974
140570374.0,1308,106.646232,26.5792
242511370.0,1309,107.514579,26.264793
141530945.0,1310,107.584091,26.493053
163408197.0,1311,107.983856,26.568891
161677372.0,1312,106.64888,26.574871
140780291.0,1313,107.106712,26.385057
140888845.0,1314,107.945369,26.563375
69511750.0,1315,106.666252,26.558511
140570376.0,1316,106.64495,26.579267
142939454.0,1317,116.185401,39.738624
25838211.0,1318,107.500381,26.315765
27999125.0,1319,107.60765,26.50501
28041359.0,1320,107.667686,26.553768
28041307.0,1321,116.242088,40.034603
250916872.0,1322,107.522087,26.258701
67656003.0,1323,107.894531,26.545667
67656001.0,1324,107.890922,26.538297
28041386.0,1325,116.240936,40.036651
25838210.0,1326,107.507484,26.319623
25770625.0,1327,107.140441,26.376174
28016265.0,1328,107.847679,26.52843
93932683.0,1329,108.146018,26.496961
64451013.0,1330,107.506278,26.317714
12447043.0,1331,107.500915,26.315839
64451014.0,1332,107.505043,26.318084
12447046.0,1333,107.505958,26.318101
12405828.0,1334,107.50621,26.317935
161943106.0,1335,107.504226,26.316947
27841779.0,1336,113.522201,22.24105
27841778.0,1337,113.522583,22.240089
250936835.0,1338,107.505912,26.317338
140855057.0,1339,107.888374,26.52223
242499851.0,1340,107.508567,26.287927
68535365.0,1341,107.509429,26.309934
27841427.0,1342,107.529365,26.409246
27841551.0,1343,113.522453,22.237722
28016258.0,1344,107.855651,26.527399
68118085.0,1345,106.642784,26.57055
12447047.0,1346,107.509193,26.319267
12447041.0,1347,107.506362,26.317533
12447044.0,1348,107.508964,26.312927
176991009.0,1349,108.109436,26.50204
161973572.0,1350,107.512199,26.310722
68535363.0,1351,107.509483,26.310396
12447042.0,1352,107.506896,26.315011
16259393.0,1353,107.510765,26.310373
161973314.0,1354,107.511901,26.271144
68535368.0,1355,107.508789,26.309167
161973571.0,1356,107.51284,26.305913
140596742.0,1357,106.636276,26.587728
161973584.0,1358,107.513229,26.304601
140563970.0,1359,106.642936,26.606647
12447096.0,1360,107.508201,26.313947
28041347.0,1361,107.673095,26.553853
28041348.0,1362,107.669555,26.555593
25833857.0,1363,107.512222,26.304882
25925765.0,1364,106.710403,26.550142
162002436.0,1365,107.514184,26.268221
2035650.0,1366,107.890731,26.541879
161973569.0,1367,107.513442,26.306671
25833859.0,1368,107.515464,26.308473
25925767.0,1369,106.705665,26.550659
2057153.0,1370,107.972579,26.588432
16261697.0,1371,107.515518,26.308059
161973574.0,1372,107.514381,26.305772
142939447.0,1373,116.18489,39.735935
64469186.0,1374,107.517829,26.305421
28015492.0,1375,108.040138,26.571781
28010626.0,1376,107.92765,26.547843
27841733.0,1377,113.523605,22.241241
26726530.0,1378,106.656173,26.564394
140780290.0,1379,107.115089,26.384273
25828483.0,1380,107.518875,26.303216
64268500.0,1381,108.158851,26.496761
161972290.0,1382,107.51921,26.301858
250926594.0,1383,107.45726,26.315654
68173641.0,1384,106.620651,26.599426
250931203.0,1385,107.506889,26.337949
143527439.0,1386,107.744964,26.522529
68173646.0,1387,106.61911,26.595876
27996803.0,1388,107.651092,26.509725
27773569.0,1389,107.162704,26.351156
26726529.0,1390,106.660881,26.565328
161972291.0,1391,107.523536,26.29894
16268611.0,1392,107.526229,26.29721
161887559.0,1393,107.525085,26.293809
12447169.0,1394,107.510887,26.31657
140578825.0,1395,106.620638,26.622313
54902659.0,1396,107.526931,26.30183
27841699.0,1397,113.52111,22.241241
142236675.0,1398,106.714424,26.550199
16259651.0,1399,107.432533,26.294065
27841698.0,1400,113.523605,22.241241
161887557.0,1401,107.52552,26.290103
54902660.0,1402,107.524375,26.29788
27841697.0,1403,113.524505,22.239002
141245446.0,1404,106.70536,26.590801
68518984.0,1405,107.524253,26.300397
177095175.0,1406,106.671012,26.56649
141245447.0,1407,106.711616,26.59118
140578824.0,1408,106.625556,26.620821
163408200.0,1409,107.987068,26.573926
68068931.0,1410,107.525802,26.285335
163408202.0,1411,108.000915,26.569961
140856843.0,1412,107.905815,26.526758
25925775.0,1413,106.708671,26.551296
163408201.0,1414,107.987449,26.572298
140856841.0,1415,107.89363,26.531715
27841553.0,1416,113.522201,22.238618
16253762.0,1417,107.527976,26.28404
95303304.0,1418,106.644226,26.592708
16253761.0,1419,107.525794,26.279293
140563733.0,1420,106.654243,26.570764
140563732.0,1421,106.650421,26.57102
16308034.0,1422,107.525169,26.278615
16308033.0,1423,107.526939,26.272684
31683651.0,1424,106.691314,26.558538
69736009.0,1425,107.938743,26.55598
1639712.0,1426,106.707054,26.550447
28001313.0,1427,107.782737,26.527637
31683649.0,1428,106.693092,26.5585
16253507.0,1429,107.529365,26.270221
16307522.0,1430,107.52922,26.264827
16307521.0,1431,107.524787,26.262956
2056865.0,1432,116.43518,39.937427
177095298.0,1433,106.673522,26.56076
140888840.0,1434,107.94889,26.56529
242499846.0,1435,107.525672,26.260164
140578817.0,1436,106.62751,26.616159
161973828.0,1437,107.505386,26.317529
142939412.0,1438,116.186744,39.737216
242499845.0,1439,107.527091,26.259279
250917644.0,1440,107.527725,26.259204
68117844.0,1441,106.641891,26.572906
2035651.0,1442,107.890708,26.54499
242511362.0,1443,107.524208,26.258373
140596486.0,1444,106.627723,26.593723
27842306.0,1445,107.577522,26.564781
27842305.0,1446,107.574646,26.561735
161887746.0,1447,107.513228,26.292125
141245698.0,1448,106.649688,26.563531
25770631.0,1449,107.114166,26.382785
250928387.0,1450,107.52481,26.258634
28041354.0,1451,116.243621,40.036075
250916866.0,1452,107.523925,26.257486
3429835.0,1453,107.52526,26.253051
140570125.0,1454,106.640289,26.578067
93932676.0,1455,108.148536,26.495391
140774405.0,1456,107.52198,26.259014
250916868.0,1457,107.524024,26.258821
64268748.0,1458,108.175003,26.496088
64268746.0,1459,108.172096,26.494609
64268747.0,1460,108.174591,26.493711
250916870.0,1461,107.51667,26.255691
28041396.0,1462,116.241256,40.034923
28041353.0,1463,107.668022,26.558025
3429836.0,1464,107.522285,26.258325
250928386.0,1465,107.524116,26.256776
242511114.0,1466,107.510307,26.260412
27841559.0,1467,113.521812,22.237785
69736010.0,1468,107.942909,26.559297
242490882.0,1469,107.526367,26.261266
28041456.0,1470,116.24253,40.037292
28041457.0,1471,116.242149,40.035049
161973570.0,1472,107.515228,26.307748
251648515.0,1473,108.153526,26.496505
31683650.0,1474,106.690612,26.558921
140563975.0,1475,106.64589,26.590753
68496613.0,1476,116.1847,39.736064
140801793.0,1477,107.530822,26.271961
2056866.0,1478,116.435119,39.937427
12405831.0,1479,107.501089,26.321242
12405829.0,1480,107.506561,26.323087
140857090.0,1481,107.894439,26.533248
64467650.0,1482,107.503996,26.379713
3447242.0,1483,107.526474,26.287134
161887558.0,1484,107.52803,26.288175
140590093.0,1485,106.647186,26.579095
242499606.0,1486,107.510643,26.266632
140584195.0,1487,106.619743,26.605075
250923265.0,1488,107.520317,26.288564
242499608.0,1489,107.511634,26.26708
250923267.0,1490,107.523223,26.292287
27841422.0,1491,107.524238,26.409891
140566546.0,1492,106.650891,26.581962
140584206.0,1493,106.62033,26.604309
68496463.0,1494,116.186103,39.73677
161973060.0,1495,107.515762,26.2928
140584205.0,1496,106.619552,26.607568
161982019.0,1497,107.513366,26.290744
141245711.0,1498,106.655654,26.569293
140857097.0,1499,107.896675,26.526718
161991492.0,1500,107.512603,26.292636
64268485.0,1501,108.154861,26.496568
25173250.0,1502,108.003097,26.55875
250928385.0,1503,107.525093,26.259294
161973061.0,1504,107.515098,26.295295
27841537.0,1505,107.543968,26.463239
27841536.0,1506,113.52079,22.239578
161991493.0,1507,107.512077,26.293769
176991108.0,1508,108.107185,26.50308
27998851.0,1509,107.553436,26.483011
27773188.0,1510,107.13256,26.38067
176822658.0,1511,106.708648,26.559566
162002244.0,1512,107.51065,26.293056
27841608.0,1513,113.522392,22.237529
3430348.0,1514,107.514503,26.288894
162002241.0,1515,107.511596,26.293439
142939432.0,1516,116.18457,39.735359
140566794.0,1517,106.65377,26.573215
140855299.0,1518,107.887084,26.527833
141245709.0,1519,106.655036,26.565095
162002243.0,1520,107.499626,26.294668
141245710.0,1521,106.662361,26.563793
16276291.0,1522,107.478622,26.291872
140584204.0,1523,106.6193,26.606357
28008329.0,1524,107.832351,26.523292
162002242.0,1525,107.503074,26.289274
250928323.0,1526,107.518791,26.250429
140857098.0,1527,107.893714,26.531736
140566793.0,1528,106.647644,26.573411
64467394.0,1529,107.487327,26.288171
16276289.0,1530,107.489105,26.291948
28016513.0,1531,107.949661,26.55697
27841412.0,1532,107.52938,26.414415
27841421.0,1533,107.520637,26.408668
27841676.0,1534,113.520858,22.239961
16276290.0,1535,107.479568,26.291347
140566531.0,1536,106.657623,26.573812
68536387.0,1537,107.472511,26.291807
140857094.0,1538,107.894546,26.532167
140566532.0,1539,106.663688,26.580242
27841677.0,1540,113.520729,22.239641
16292674.0,1541,107.461502,26.29092
140857095.0,1542,107.897216,26.531793
27677825.0,1543,107.460166,26.284606
27677826.0,1544,107.465957,26.28866
27841648.0,1545,113.522331,22.239641
16292673.0,1546,107.456565,26.290668
141245834.0,1547,106.642822,26.564491
27841580.0,1548,113.523483,22.237657
27841647.0,1549,113.524505,22.239706
141245835.0,1550,106.619316,26.577213
2035908.0,1551,107.885231,26.532148
2056847.0,1552,116.433326,39.937808
250926851.0,1553,107.449775,26.295688
250926850.0,1554,107.448486,26.296003
141332748.0,1555,106.640075,26.587045
12417602.0,1556,107.442527,26.295459
140563986.0,1557,106.63943,26.608653
28011009.0,1558,107.969497,26.556438
163396419.0,1559,107.971984,26.57579
142939590.0,1560,116.183609,39.737281
68508994.0,1561,107.445785,26.294692
140566529.0,1562,106.662368,26.580341
68083011.0,1563,107.441101,26.281324
12417603.0,1564,107.444679,26.288631
27841606.0,1565,113.524375,22.239322
16276418.0,1566,107.481994,26.290771
250928642.0,1567,107.593238,26.266111
64449220.0,1568,107.443199,26.290739
16276417.0,1569,107.480278,26.291925
64449222.0,1570,107.440254,26.288667
250928643.0,1571,107.593978,26.269668
68083009.0,1572,107.440559,26.28446
16276419.0,1573,107.477691,26.290775
162851399.0,1574,106.676356,26.56644
162002311.0,1575,107.50064,26.288442
162002310.0,1576,107.506469,26.291709
25840517.0,1577,107.436836,26.280261
27845002.0,1578,107.557289,26.50494
27999379.0,1579,107.666057,26.504915
68496522.0,1580,116.1847,39.737026
27841583.0,1581,113.520729,22.239641
16257859.0,1582,107.435234,26.28359
142939724.0,1583,104.120346,30.670009
27841581.0,1584,113.523864,22.241113
7605506.0,1585,107.43354,26.27404
27998977.0,1586,107.6203,26.505575
94464142.0,1587,108.141906,26.478918
29475713.0,1588,107.424858,26.273983
260505793.0,1589,107.423538,26.273275
28001026.0,1590,107.692863,26.514844
94028424.0,1591,107.78556,26.527622
25840518.0,1592,107.393852,26.287685
94091905.0,1593,107.388496,26.286184
94091906.0,1594,107.373413,26.285556
142939169.0,1595,108.156272,26.508356
94091907.0,1596,107.370124,26.287139
25838209.0,1597,107.504806,26.319765
1571265.0,1598,107.353302,26.287647
94091908.0,1599,107.389778,26.285526
27775619.0,1600,107.324165,26.287614
27841600.0,1601,113.523033,22.238105
54799041.0,1602,107.324249,26.292034
27841745.0,1603,113.522521,22.240154
27775617.0,1604,107.31443,26.286169
27775618.0,1605,107.312866,26.286006
142939398.0,1606,108.158317,26.505805
27841631.0,1607,113.521881,22.238426
25771137.0,1608,107.301475,26.292865
142939399.0,1609,108.156646,26.508506
25771138.0,1610,107.294807,26.292718
94464133.0,1611,108.141906,26.47483
27995528.0,1612,107.54972,26.478313
27775105.0,1613,107.289955,26.296865
69781322.0,1614,107.583869,26.502513
27775106.0,1615,107.28466,26.300069
28001422.0,1616,107.792449,26.526308
15786305.0,1617,107.273437,26.305559
68496449.0,1618,107.277969,26.305742
27774849.0,1619,107.279144,26.304285
68496450.0,1620,107.273063,26.304994
27841546.0,1621,113.523094,22.239641
27774850.0,1622,107.267997,26.308536
27841670.0,1623,107.537185,26.450397
27995649.0,1624,107.580757,26.502704
68496193.0,1625,107.248825,26.313766
94470465.0,1626,107.884147,26.560386
68496194.0,1627,107.247886,26.315643
94463880.0,1628,108.093926,26.563989
63523777.0,1629,107.22779,26.321584
27997906.0,1630,119.986801,30.222368
27774345.0,1631,107.223365,26.326917
27774342.0,1632,107.188529,26.337881
15786818.0,1633,107.190376,26.33814
29513601.0,1634,107.192138,26.331558
142939417.0,1635,116.183868,39.73933
27999120.0,1636,107.618141,26.497039
29347201.0,1637,107.186515,26.337369
168809092.0,1638,107.183418,26.334318
142939647.0,1639,116.185981,39.736385
25770882.0,1640,107.187141,26.336643
142939646.0,1641,116.185272,39.739074
28011143.0,1642,107.961479,26.558731
142939418.0,1643,116.186424,39.737281
29347202.0,1644,107.180274,26.335788
140856835.0,1645,107.909606,26.523891
141245714.0,1646,106.652969,26.562961
1619394.0,1647,107.179351,26.332151
29347204.0,1648,107.186653,26.337358
27845006.0,1649,107.560458,26.50821
143359490.0,1650,107.174247,26.33736
27845005.0,1651,107.559619,26.505204
162868033.0,1652,107.172424,26.343055
142939405.0,1653,108.156333,26.503486
140808451.0,1654,107.16455,26.34724
94000548.0,1655,108.13694,26.484985
141245713.0,1656,106.649337,26.566059
27841544.0,1657,113.523094,22.239641
260436673.0,1658,107.165969,26.34749
27841543.0,1659,113.522392,22.238554
27841634.0,1660,113.522201,22.24105
12417613.0,1661,107.443681,26.294351
29260163.0,1662,107.169502,26.350494
67752518.0,1663,108.053466,26.560529
140808450.0,1664,107.504959,26.270875
28001415.0,1665,107.794151,26.527248
27844998.0,1666,107.563606,26.507556
28008330.0,1667,107.836822,26.524839
27841675.0,1668,107.536422,26.449583
27773313.0,1669,107.138992,26.379293
27841622.0,1670,113.522651,22.240602
27773315.0,1671,107.127914,26.380657
54796481.0,1672,107.103805,26.390016
27772545.0,1673,107.109169,26.389701
93949313.0,1674,108.117897,26.496368
27772550.0,1675,107.109542,26.388427
27772551.0,1676,107.109916,26.383613
140780289.0,1677,107.105224,26.390863
54796482.0,1678,107.109344,26.385574
54796483.0,1679,107.106201,26.386867
27841763.0,1680,113.522392,22.238554
27772546.0,1681,107.109901,26.392696
25773697.0,1682,107.099746,26.396244
25773698.0,1683,107.099655,26.401287
27997814.0,1684,119.985397,30.223007
27772289.0,1685,107.091171,26.403879
28041310.0,1686,116.243682,40.035049
27772290.0,1687,107.085212,26.41057
28041309.0,1688,116.241508,40.038059
25819009.0,1689,107.075126,26.409378
25819010.0,1690,107.071197,26.409782
7644929.0,1691,107.061882,26.413814
7644930.0,1692,107.057052,26.417966
94028419.0,1693,107.772254,26.521659
94028420.0,1694,107.776496,26.527889
260712902.0,1695,107.602378,26.526057
142939394.0,1696,108.157608,26.506519
142939392.0,1697,116.185981,39.736385
25818754.0,1698,107.04,26.426527
25818753.0,1699,107.031707,26.430593
260618434.0,1700,107.020439,26.428514
142939395.0,1701,108.157295,26.501182
142236683.0,1702,106.719642,26.547571
142236684.0,1703,106.726501,26.546731
161943105.0,1704,107.5055,26.31982
260505795.0,1705,107.396339,26.287687
27995523.0,1706,107.552345,26.483392
7644932.0,1707,107.063522,26.412286
16259396.0,1708,107.515686,26.309131
141247498.0,1709,106.725265,26.547313
142236673.0,1710,106.714103,26.549749
162697798.0,1711,106.70259,26.555147
141926944.0,1712,108.086967,26.565248
141247493.0,1713,106.714714,26.596921
31686468.0,1714,106.714752,26.546485
12417611.0,1715,107.44342,26.295455
140856846.0,1716,107.895927,26.529657
250926595.0,1717,107.454887,26.316509
142939542.0,1718,116.186874,39.735744
1676994.0,1719,106.713882,26.549884
250916878.0,1720,107.518775,26.258758
162648641.0,1721,106.712425,26.550273
142939556.0,1722,116.186103,39.73888
1639873.0,1723,106.710075,26.550849
2035657.0,1724,107.90155,26.545818
142939504.0,1725,116.185272,39.736511
142939475.0,1726,116.185592,39.737792
140590126.0,1727,106.646575,26.581447
162648642.0,1728,106.708923,26.553987
140887815.0,1729,107.904678,26.540613
142939142.0,1730,108.155998,26.503351
161548354.0,1731,106.657142,26.561336
142939141.0,1732,108.158401,26.509094
25925764.0,1733,106.704948,26.553089
162697667.0,1734,106.707092,26.550474
12417605.0,1735,107.444885,26.293859
29924227.0,1736,106.705749,26.554122
94464135.0,1737,108.141639,26.475791
28010629.0,1738,107.926399,26.548713
31714884.0,1739,106.703659,26.553367
142939400.0,1740,108.157676,26.502527
1778371.0,1741,106.703628,26.554336
28009345.0,1742,107.879661,26.53099
12196435.0,1743,106.690963,26.563549
142939576.0,1744,116.186614,39.737728
28010630.0,1745,107.94075,26.557273
27841737.0,1746,113.521301,22.238618
29948035.0,1747,106.698143,26.551992
142939448.0,1748,116.185661,39.73933
27998600.0,1749,107.571067,26.504625
162619971.0,1750,106.699615,26.553335
163496773.0,1751,107.94194,26.55945
28007937.0,1752,107.831138,26.522619
28009100.0,1753,107.854644,26.542074
176822915.0,1754,106.694168,26.558433
140563714.0,1755,106.653007,26.569963
2050755.0,1756,107.882308,26.529567
141245731.0,1757,106.647727,26.56558
140578564.0,1758,106.638191,26.584173
142939563.0,1759,116.185081,39.738689
12196426.0,1760,106.691223,26.558628
162697666.0,1761,106.708892,26.550142
140578823.0,1762,106.621536,26.613605
12196427.0,1763,106.692031,26.559852
12196428.0,1764,106.687477,26.561521
141247499.0,1765,106.72158,26.546346
142227714.0,1766,106.685539,26.561845
506295.0,1767,106.668993,26.565684
27841582.0,1768,113.52124,22.237657
69404231.0,1769,106.686996,26.559543
142939565.0,1770,116.186363,39.736705
162834499.0,1771,106.662628,26.559673
161982024.0,1772,107.519386,26.291496
176971139.0,1773,107.792068,26.525983
93926275.0,1774,108.108566,26.511335
69404233.0,1775,106.683387,26.564041
32386626.0,1776,106.684265,26.563343
27841743.0,1777,113.521179,22.237401
28013441.0,1778,108.084121,26.565584
32386625.0,1779,106.683822,26.563615
142939482.0,1780,116.184249,39.73645
142939498.0,1781,116.18412,39.735935
259314113.0,1782,106.680694,26.565448
242589707.0,1783,107.885124,26.533292
162601281.0,1784,106.679313,26.565292
28009094.0,1785,107.862388,26.528663
7394563.0,1786,106.677124,26.564214
142939880.0,1787,104.121307,30.670713
142939477.0,1788,116.186233,39.737216
142939589.0,1789,116.185272,39.736
142939435.0,1790,116.187065,39.737472
162851393.0,1791,106.675743,26.563451
161982027.0,1792,107.514671,26.288763
2035661.0,1793,107.872398,26.546712
140570122.0,1794,106.639099,26.575405
27998857.0,1795,107.555061,26.487741
243198209.0,1796,106.669807,26.563173
142267907.0,1797,106.671783,26.565486
177095174.0,1798,106.669624,26.562725
142939434.0,1799,116.187065,39.737472
1899713.0,1800,106.627281,26.594165
28041466.0,1801,116.244003,40.037548
142939704.0,1802,104.124252,30.670457
142939620.0,1803,116.186683,39.735553
243198211.0,1804,106.668594,26.562789
142939606.0,1805,116.187133,39.73888
141530884.0,1806,107.58406,26.500656
142939484.0,1807,116.183738,39.735809
243196423.0,1808,106.671905,26.563022
29899393.0,1809,106.668052,26.562574
69511751.0,1810,106.664169,26.562761
93660557.0,1811,106.667823,26.565065
93535876.0,1812,106.670845,26.56191
69467206.0,1813,106.640052,26.597946
16268546.0,1814,107.517166,26.301231
161548353.0,1815,106.659568,26.565637
69511749.0,1816,106.666778,26.566469
140566536.0,1817,106.657592,26.586839
142939490.0,1818,116.185401,39.738624
162002248.0,1819,107.50106,26.290685
161733188.0,1820,106.640357,26.576433
162834497.0,1821,106.66156,26.564735
16268545.0,1822,107.524871,26.30034
142939532.0,1823,116.18502,39.738433
26726535.0,1824,106.661521,26.563535
161548358.0,1825,106.656158,26.559421
141257219.0,1826,106.656951,26.56661
161548359.0,1827,106.658157,26.563653
250916873.0,1828,107.517051,26.255947
28010632.0,1829,107.940498,26.557008
140566535.0,1830,106.656852,26.572334
142939544.0,1831,116.186553,39.736
140563724.0,1832,106.652435,26.567281
162002251.0,1833,107.506614,26.2928
27998597.0,1834,107.565597,26.505802
140566795.0,1835,106.650184,26.573228
161677377.0,1836,106.647468,26.571954
1899717.0,1837,106.63375,26.599878
162697044.0,1838,106.648391,26.571439
15801417.0,1839,108.142829,26.495552
27998608.0,1840,107.573928,26.504999
161677378.0,1841,106.644371,26.571643
27841635.0,1842,113.523994,22.241241
161548363.0,1843,106.656692,26.559032
140570119.0,1844,106.641578,26.57582
163496774.0,1845,107.943374,26.559274
177025666.0,1846,106.644035,26.575551
161733186.0,1847,106.641769,26.578386
27841709.0,1848,113.523162,22.239706
68117840.0,1849,106.639984,26.575244
140570121.0,1850,106.642646,26.575963
69511748.0,1851,106.666969,26.564678
142939545.0,1852,116.186935,39.737087
27997949.0,1853,119.985397,30.221664
161733185.0,1854,106.640495,26.577075
140570113.0,1855,106.644477,26.581577
28041444.0,1856,116.242919,40.037673
27841616.0,1857,113.522132,22.239961
28041443.0,1858,116.243621,40.036075
28041610.0,1859,107.636276,26.50736
27998467.0,1860,107.566238,26.507663
167805313.0,1861,107.529571,26.417617
69843778.0,1862,108.150367,26.494424
142939493.0,1863,116.185592,39.737792
94464136.0,1864,108.146408,26.492826
142939829.0,1865,104.124252,30.668409
1895875.0,1866,106.643722,26.581144
54902403.0,1867,107.511986,26.245373
142939402.0,1868,108.156204,26.506368
162770497.0,1869,106.64038,26.581592
162770498.0,1870,106.63945,26.586189
140578568.0,1871,106.636215,26.585256
142939500.0,1872,116.186233,39.736705
140578567.0,1873,106.636466,26.583919
162002277.0,1874,107.497688,26.295555
68083010.0,1875,107.444244,26.285779
2035659.0,1876,107.883094,26.542158
140596743.0,1877,106.635368,26.588165
141332749.0,1878,106.638504,26.591697
142939549.0,1879,116.185081,39.737281
142939551.0,1880,116.184829,39.736
95303305.0,1881,106.641105,26.592592
69467210.0,1882,106.634613,26.59324
162002440.0,1883,107.518165,26.263059
26795700.0,1884,106.632255,26.594581
140559902.0,1885,106.618354,26.594764
1899715.0,1886,106.628723,26.592805
93948805.0,1887,107.89209,26.80627
28041436.0,1888,116.242088,40.038059
28041437.0,1889,116.240745,40.038124
28041371.0,1890,116.243431,40.037162
142939533.0,1891,116.18399,39.737857
140560132.0,1892,106.653562,26.655733
27997907.0,1893,119.98706,30.222368
68173651.0,1894,106.626197,26.599046
142939767.0,1895,104.1231,30.6686
142939639.0,1896,116.187133,39.736896
142939492.0,1897,116.186614,39.73645
68173645.0,1898,106.622322,26.596029
140578561.0,1899,106.636337,26.585908
